SET session_replication_role = replica;

--
-- PostgreSQL database dump
--

-- Dumped from database version 17.4
-- Dumped by pg_dump version 17.4

SET statement_timeout = 0;
SET lock_timeout = 0;
SET idle_in_transaction_session_timeout = 0;
SET transaction_timeout = 0;
SET client_encoding = 'UTF8';
SET standard_conforming_strings = on;
SELECT pg_catalog.set_config('search_path', '', false);
SET check_function_bodies = false;
SET xmloption = content;
SET client_min_messages = warning;
SET row_security = off;

--
-- Data for Name: audit_log_entries; Type: TABLE DATA; Schema: auth; Owner: supabase_auth_admin
--

INSERT INTO "auth"."audit_log_entries" ("instance_id", "id", "payload", "created_at", "ip_address") VALUES
	('00000000-0000-0000-0000-000000000000', 'e4a1da41-08d8-4149-aca8-35b31e9d798e', '{"action":"user_signedup","actor_id":"00000000-0000-0000-0000-000000000000","actor_username":"service_role","actor_via_sso":false,"log_type":"team","traits":{"provider":"email","user_email":"emre@forbrainacademy.com","user_id":"58b202a5-700c-45e3-8727-aa2951bd2456","user_phone":""}}', '2025-07-19 05:11:05.639005+00', ''),
	('00000000-0000-0000-0000-000000000000', '5bc22a47-0ebd-4e4f-9f8d-84b51044de80', '{"action":"login","actor_id":"58b202a5-700c-45e3-8727-aa2951bd2456","actor_username":"emre@forbrainacademy.com","actor_via_sso":false,"log_type":"account","traits":{"provider":"email"}}', '2025-07-19 05:11:23.418151+00', ''),
	('00000000-0000-0000-0000-000000000000', '08bae326-38dc-4a31-9268-d6532e96297f', '{"action":"logout","actor_id":"58b202a5-700c-45e3-8727-aa2951bd2456","actor_username":"emre@forbrainacademy.com","actor_via_sso":false,"log_type":"account"}', '2025-07-19 05:14:40.644391+00', ''),
	('00000000-0000-0000-0000-000000000000', 'c2620734-a25e-4a65-a7a1-36e3d5a6839c', '{"action":"login","actor_id":"58b202a5-700c-45e3-8727-aa2951bd2456","actor_username":"emre@forbrainacademy.com","actor_via_sso":false,"log_type":"account","traits":{"provider":"email"}}', '2025-07-19 05:14:57.317691+00', ''),
	('00000000-0000-0000-0000-000000000000', 'f1094924-e4a6-4e44-9a10-e65f4c1d6c3b', '{"action":"logout","actor_id":"58b202a5-700c-45e3-8727-aa2951bd2456","actor_username":"emre@forbrainacademy.com","actor_via_sso":false,"log_type":"account"}', '2025-07-19 05:15:41.044835+00', ''),
	('00000000-0000-0000-0000-000000000000', '53517aac-c481-47b8-9e22-81ede19a9577', '{"action":"login","actor_id":"58b202a5-700c-45e3-8727-aa2951bd2456","actor_username":"emre@forbrainacademy.com","actor_via_sso":false,"log_type":"account","traits":{"provider":"email"}}', '2025-07-19 05:15:50.545668+00', ''),
	('00000000-0000-0000-0000-000000000000', '264f420f-1913-40d3-b7d0-9fcb864afea6', '{"action":"login","actor_id":"58b202a5-700c-45e3-8727-aa2951bd2456","actor_username":"emre@forbrainacademy.com","actor_via_sso":false,"log_type":"account","traits":{"provider":"email"}}', '2025-07-19 05:51:47.575931+00', ''),
	('00000000-0000-0000-0000-000000000000', '775762b4-a69b-46c1-bcac-4abe204c8ed5', '{"action":"token_refreshed","actor_id":"58b202a5-700c-45e3-8727-aa2951bd2456","actor_username":"emre@forbrainacademy.com","actor_via_sso":false,"log_type":"token"}', '2025-07-19 06:15:32.799205+00', ''),
	('00000000-0000-0000-0000-000000000000', 'bb47f915-d519-4d04-a173-e443df178426', '{"action":"token_revoked","actor_id":"58b202a5-700c-45e3-8727-aa2951bd2456","actor_username":"emre@forbrainacademy.com","actor_via_sso":false,"log_type":"token"}', '2025-07-19 06:15:32.802553+00', ''),
	('00000000-0000-0000-0000-000000000000', 'f513f20f-f2ad-4dc1-8998-fe7bbf375abc', '{"action":"token_refreshed","actor_id":"58b202a5-700c-45e3-8727-aa2951bd2456","actor_username":"emre@forbrainacademy.com","actor_via_sso":false,"log_type":"token"}', '2025-07-19 06:54:54.332466+00', ''),
	('00000000-0000-0000-0000-000000000000', 'dcc2b47c-187b-41d3-a75b-670e7670609a', '{"action":"token_revoked","actor_id":"58b202a5-700c-45e3-8727-aa2951bd2456","actor_username":"emre@forbrainacademy.com","actor_via_sso":false,"log_type":"token"}', '2025-07-19 06:54:54.333364+00', ''),
	('00000000-0000-0000-0000-000000000000', '269dc324-077d-48c4-a2c1-734237a1314a', '{"action":"token_refreshed","actor_id":"58b202a5-700c-45e3-8727-aa2951bd2456","actor_username":"emre@forbrainacademy.com","actor_via_sso":false,"log_type":"token"}', '2025-07-19 07:19:41.538015+00', ''),
	('00000000-0000-0000-0000-000000000000', '74b989af-4564-42b8-8d81-06dff42334b5', '{"action":"token_revoked","actor_id":"58b202a5-700c-45e3-8727-aa2951bd2456","actor_username":"emre@forbrainacademy.com","actor_via_sso":false,"log_type":"token"}', '2025-07-19 07:19:41.538794+00', ''),
	('00000000-0000-0000-0000-000000000000', 'dfa0be59-dbda-47ea-ad12-1d6aed5922a0', '{"action":"logout","actor_id":"58b202a5-700c-45e3-8727-aa2951bd2456","actor_username":"emre@forbrainacademy.com","actor_via_sso":false,"log_type":"account"}', '2025-07-19 07:23:48.991187+00', ''),
	('00000000-0000-0000-0000-000000000000', 'a06a9d76-49d9-4ce7-817a-a1e73b9a3a05', '{"action":"login","actor_id":"58b202a5-700c-45e3-8727-aa2951bd2456","actor_username":"emre@forbrainacademy.com","actor_via_sso":false,"log_type":"account","traits":{"provider":"email"}}', '2025-07-19 07:24:04.346978+00', ''),
	('00000000-0000-0000-0000-000000000000', '705adf48-5d50-4997-a115-f26aff4ab050', '{"action":"logout","actor_id":"58b202a5-700c-45e3-8727-aa2951bd2456","actor_username":"emre@forbrainacademy.com","actor_via_sso":false,"log_type":"account"}', '2025-07-19 07:24:07.681901+00', ''),
	('00000000-0000-0000-0000-000000000000', '4d8198e2-ef72-4f77-a018-7cb380311f45', '{"action":"login","actor_id":"58b202a5-700c-45e3-8727-aa2951bd2456","actor_username":"emre@forbrainacademy.com","actor_via_sso":false,"log_type":"account","traits":{"provider":"email"}}', '2025-07-19 07:30:25.47252+00', ''),
	('00000000-0000-0000-0000-000000000000', '932f6afa-3c93-48fd-93d3-b078bbca0b1f', '{"action":"logout","actor_id":"58b202a5-700c-45e3-8727-aa2951bd2456","actor_username":"emre@forbrainacademy.com","actor_via_sso":false,"log_type":"account"}', '2025-07-19 07:35:54.285428+00', ''),
	('00000000-0000-0000-0000-000000000000', '7aadb8ac-9a64-47b1-a080-42308617f5f3', '{"action":"login","actor_id":"58b202a5-700c-45e3-8727-aa2951bd2456","actor_username":"emre@forbrainacademy.com","actor_via_sso":false,"log_type":"account","traits":{"provider":"email"}}', '2025-07-19 07:44:46.188099+00', ''),
	('00000000-0000-0000-0000-000000000000', 'ff4a5978-07c7-4953-80f6-ff9fcdf8b007', '{"action":"login","actor_id":"58b202a5-700c-45e3-8727-aa2951bd2456","actor_username":"emre@forbrainacademy.com","actor_via_sso":false,"log_type":"account","traits":{"provider":"email"}}', '2025-07-19 07:46:39.764101+00', ''),
	('00000000-0000-0000-0000-000000000000', '36b305a4-61e0-4976-b379-b4acd861dbb2', '{"action":"logout","actor_id":"58b202a5-700c-45e3-8727-aa2951bd2456","actor_username":"emre@forbrainacademy.com","actor_via_sso":false,"log_type":"account"}', '2025-07-19 07:59:25.44159+00', ''),
	('00000000-0000-0000-0000-000000000000', '06adc26b-6718-4555-91f3-cc5258df31b5', '{"action":"login","actor_id":"58b202a5-700c-45e3-8727-aa2951bd2456","actor_username":"emre@forbrainacademy.com","actor_via_sso":false,"log_type":"account","traits":{"provider":"email"}}', '2025-07-19 08:28:13.118748+00', ''),
	('00000000-0000-0000-0000-000000000000', 'e74ad08b-5afa-45ab-89ee-828f9ae3cfa7', '{"action":"logout","actor_id":"58b202a5-700c-45e3-8727-aa2951bd2456","actor_username":"emre@forbrainacademy.com","actor_via_sso":false,"log_type":"account"}', '2025-07-19 08:31:04.095198+00', ''),
	('00000000-0000-0000-0000-000000000000', 'b4f35d2e-fd5e-48a0-82c7-2aeec8c565db', '{"action":"login","actor_id":"58b202a5-700c-45e3-8727-aa2951bd2456","actor_username":"emre@forbrainacademy.com","actor_via_sso":false,"log_type":"account","traits":{"provider":"email"}}', '2025-07-19 08:31:18.935925+00', ''),
	('00000000-0000-0000-0000-000000000000', '5c4f31cd-7550-4977-9701-ec9c1b0b0738', '{"action":"logout","actor_id":"58b202a5-700c-45e3-8727-aa2951bd2456","actor_username":"emre@forbrainacademy.com","actor_via_sso":false,"log_type":"account"}', '2025-07-19 08:36:29.298723+00', ''),
	('00000000-0000-0000-0000-000000000000', '4839f35f-7b48-4f1a-935a-27607684af00', '{"action":"login","actor_id":"58b202a5-700c-45e3-8727-aa2951bd2456","actor_username":"emre@forbrainacademy.com","actor_via_sso":false,"log_type":"account","traits":{"provider":"email"}}', '2025-07-19 08:36:33.008161+00', ''),
	('00000000-0000-0000-0000-000000000000', '99483333-66e9-4c16-9d2c-d88d0fcc4890', '{"action":"logout","actor_id":"58b202a5-700c-45e3-8727-aa2951bd2456","actor_username":"emre@forbrainacademy.com","actor_via_sso":false,"log_type":"account"}', '2025-07-19 09:03:36.65836+00', ''),
	('00000000-0000-0000-0000-000000000000', '0d861fda-277e-45d6-b1be-0836ddaf7deb', '{"action":"login","actor_id":"58b202a5-700c-45e3-8727-aa2951bd2456","actor_username":"emre@forbrainacademy.com","actor_via_sso":false,"log_type":"account","traits":{"provider":"email"}}', '2025-07-19 09:41:59.502115+00', ''),
	('00000000-0000-0000-0000-000000000000', '140e86c9-04e0-4daf-97c3-f8f965e03f31', '{"action":"login","actor_id":"58b202a5-700c-45e3-8727-aa2951bd2456","actor_username":"emre@forbrainacademy.com","actor_via_sso":false,"log_type":"account","traits":{"provider":"email"}}', '2025-07-19 09:47:23.355615+00', ''),
	('00000000-0000-0000-0000-000000000000', 'd9a933f1-5039-4c3e-8cf6-1d03ffed2d2c', '{"action":"login","actor_id":"58b202a5-700c-45e3-8727-aa2951bd2456","actor_username":"emre@forbrainacademy.com","actor_via_sso":false,"log_type":"account","traits":{"provider":"email"}}', '2025-07-19 09:50:21.972236+00', ''),
	('00000000-0000-0000-0000-000000000000', '5c5a47e7-cd9f-439a-8f5f-ca2c4353402a', '{"action":"login","actor_id":"58b202a5-700c-45e3-8727-aa2951bd2456","actor_username":"emre@forbrainacademy.com","actor_via_sso":false,"log_type":"account","traits":{"provider":"email"}}', '2025-07-19 10:02:42.771699+00', ''),
	('00000000-0000-0000-0000-000000000000', '80b66693-e741-49ff-8905-c88ffca472ac', '{"action":"login","actor_id":"58b202a5-700c-45e3-8727-aa2951bd2456","actor_username":"emre@forbrainacademy.com","actor_via_sso":false,"log_type":"account","traits":{"provider":"email"}}', '2025-07-19 10:35:50.53198+00', ''),
	('00000000-0000-0000-0000-000000000000', '0c88672c-eaef-484e-85ec-e5611e0dee53', '{"action":"token_refreshed","actor_id":"58b202a5-700c-45e3-8727-aa2951bd2456","actor_username":"emre@forbrainacademy.com","actor_via_sso":false,"log_type":"token"}', '2025-07-19 11:08:04.451242+00', ''),
	('00000000-0000-0000-0000-000000000000', 'cc1e435d-d207-45e6-8233-9c6efa6286fe', '{"action":"token_revoked","actor_id":"58b202a5-700c-45e3-8727-aa2951bd2456","actor_username":"emre@forbrainacademy.com","actor_via_sso":false,"log_type":"token"}', '2025-07-19 11:08:04.452682+00', ''),
	('00000000-0000-0000-0000-000000000000', '268ef587-e1c9-4357-90b5-a7a7b05183a8', '{"action":"token_refreshed","actor_id":"58b202a5-700c-45e3-8727-aa2951bd2456","actor_username":"emre@forbrainacademy.com","actor_via_sso":false,"log_type":"token"}', '2025-07-19 11:08:10.784512+00', ''),
	('00000000-0000-0000-0000-000000000000', '61babed1-c7d6-43d2-9d72-9545bbe948b1', '{"action":"token_revoked","actor_id":"58b202a5-700c-45e3-8727-aa2951bd2456","actor_username":"emre@forbrainacademy.com","actor_via_sso":false,"log_type":"token"}', '2025-07-19 11:08:10.786047+00', ''),
	('00000000-0000-0000-0000-000000000000', 'd73c2655-1d82-434d-9a59-a1e30a23b718', '{"action":"logout","actor_id":"58b202a5-700c-45e3-8727-aa2951bd2456","actor_username":"emre@forbrainacademy.com","actor_via_sso":false,"log_type":"account"}', '2025-07-19 11:31:42.737407+00', ''),
	('00000000-0000-0000-0000-000000000000', 'c22c15d7-820a-4c46-88aa-40e74d3fe9a0', '{"action":"login","actor_id":"58b202a5-700c-45e3-8727-aa2951bd2456","actor_username":"emre@forbrainacademy.com","actor_via_sso":false,"log_type":"account","traits":{"provider":"email"}}', '2025-07-19 11:54:52.291803+00', ''),
	('00000000-0000-0000-0000-000000000000', '1d86ef8e-b9aa-4158-883c-7b7de1195796', '{"action":"logout","actor_id":"58b202a5-700c-45e3-8727-aa2951bd2456","actor_username":"emre@forbrainacademy.com","actor_via_sso":false,"log_type":"account"}', '2025-07-19 11:54:57.772514+00', ''),
	('00000000-0000-0000-0000-000000000000', '0eabc7a3-6547-487f-850e-d5a32e0d24fc', '{"action":"login","actor_id":"58b202a5-700c-45e3-8727-aa2951bd2456","actor_username":"emre@forbrainacademy.com","actor_via_sso":false,"log_type":"account","traits":{"provider":"email"}}', '2025-07-19 12:10:52.695141+00', ''),
	('00000000-0000-0000-0000-000000000000', '666300fe-8628-423a-96f8-fad60ef3f053', '{"action":"token_refreshed","actor_id":"58b202a5-700c-45e3-8727-aa2951bd2456","actor_username":"emre@forbrainacademy.com","actor_via_sso":false,"log_type":"token"}', '2025-07-20 04:17:31.143166+00', ''),
	('00000000-0000-0000-0000-000000000000', '2d959e55-35ee-4895-add5-cda5613f8db4', '{"action":"token_revoked","actor_id":"58b202a5-700c-45e3-8727-aa2951bd2456","actor_username":"emre@forbrainacademy.com","actor_via_sso":false,"log_type":"token"}', '2025-07-20 04:17:31.148922+00', ''),
	('00000000-0000-0000-0000-000000000000', '11af9b25-d44a-4163-8b4f-3dda48386f7e', '{"action":"token_refreshed","actor_id":"58b202a5-700c-45e3-8727-aa2951bd2456","actor_username":"emre@forbrainacademy.com","actor_via_sso":false,"log_type":"token"}', '2025-07-21 06:24:12.140727+00', ''),
	('00000000-0000-0000-0000-000000000000', 'b2947499-fa1b-4411-a32e-27fad4c0fae0', '{"action":"token_revoked","actor_id":"58b202a5-700c-45e3-8727-aa2951bd2456","actor_username":"emre@forbrainacademy.com","actor_via_sso":false,"log_type":"token"}', '2025-07-21 06:24:12.147603+00', ''),
	('00000000-0000-0000-0000-000000000000', '0e3c8814-7eff-4fb9-9976-60b53d35b3d6', '{"action":"login","actor_id":"58b202a5-700c-45e3-8727-aa2951bd2456","actor_username":"emre@forbrainacademy.com","actor_via_sso":false,"log_type":"account","traits":{"provider":"email"}}', '2025-07-23 03:32:48.804715+00', ''),
	('00000000-0000-0000-0000-000000000000', '22dc5dcb-6cfe-4f0f-9868-e6e03f4f7513', '{"action":"token_refreshed","actor_id":"58b202a5-700c-45e3-8727-aa2951bd2456","actor_username":"emre@forbrainacademy.com","actor_via_sso":false,"log_type":"token"}', '2025-07-23 04:31:23.171934+00', ''),
	('00000000-0000-0000-0000-000000000000', '8978775a-e6b2-4add-be14-e3c539feffd3', '{"action":"token_revoked","actor_id":"58b202a5-700c-45e3-8727-aa2951bd2456","actor_username":"emre@forbrainacademy.com","actor_via_sso":false,"log_type":"token"}', '2025-07-23 04:31:23.173422+00', ''),
	('00000000-0000-0000-0000-000000000000', '1c25bb1f-b3b6-47c9-ac5f-dac6bb29bfcb', '{"action":"login","actor_id":"58b202a5-700c-45e3-8727-aa2951bd2456","actor_username":"emre@forbrainacademy.com","actor_via_sso":false,"log_type":"account","traits":{"provider":"email"}}', '2025-07-23 05:14:47.58547+00', ''),
	('00000000-0000-0000-0000-000000000000', 'e342f922-ae36-4f93-9b60-d8dc7835f125', '{"action":"token_refreshed","actor_id":"58b202a5-700c-45e3-8727-aa2951bd2456","actor_username":"emre@forbrainacademy.com","actor_via_sso":false,"log_type":"token"}', '2025-07-23 06:00:22.506511+00', ''),
	('00000000-0000-0000-0000-000000000000', '48e0ab36-9dbd-4895-860b-02b3cfa929d0', '{"action":"token_revoked","actor_id":"58b202a5-700c-45e3-8727-aa2951bd2456","actor_username":"emre@forbrainacademy.com","actor_via_sso":false,"log_type":"token"}', '2025-07-23 06:00:22.507949+00', ''),
	('00000000-0000-0000-0000-000000000000', '06c75718-2234-4eab-a627-e29105225756', '{"action":"token_refreshed","actor_id":"58b202a5-700c-45e3-8727-aa2951bd2456","actor_username":"emre@forbrainacademy.com","actor_via_sso":false,"log_type":"token"}', '2025-07-23 06:17:58.45945+00', ''),
	('00000000-0000-0000-0000-000000000000', '2e4b4a67-3184-488e-b9fe-088e9c606825', '{"action":"token_revoked","actor_id":"58b202a5-700c-45e3-8727-aa2951bd2456","actor_username":"emre@forbrainacademy.com","actor_via_sso":false,"log_type":"token"}', '2025-07-23 06:17:58.461762+00', ''),
	('00000000-0000-0000-0000-000000000000', 'e41c9ca2-8cb6-48d3-91c1-2abde4334b9a', '{"action":"token_refreshed","actor_id":"58b202a5-700c-45e3-8727-aa2951bd2456","actor_username":"emre@forbrainacademy.com","actor_via_sso":false,"log_type":"token"}', '2025-07-23 08:01:23.840153+00', ''),
	('00000000-0000-0000-0000-000000000000', '7dbb7f63-ae8c-4df0-ad69-51e81f59bc81', '{"action":"token_revoked","actor_id":"58b202a5-700c-45e3-8727-aa2951bd2456","actor_username":"emre@forbrainacademy.com","actor_via_sso":false,"log_type":"token"}', '2025-07-23 08:01:23.844054+00', ''),
	('00000000-0000-0000-0000-000000000000', '27dd416d-2f13-4e60-b23d-0922fd725697', '{"action":"token_refreshed","actor_id":"58b202a5-700c-45e3-8727-aa2951bd2456","actor_username":"emre@forbrainacademy.com","actor_via_sso":false,"log_type":"token"}', '2025-07-23 09:03:04.28881+00', ''),
	('00000000-0000-0000-0000-000000000000', '77668940-f008-4842-9b50-754b2d70af77', '{"action":"token_revoked","actor_id":"58b202a5-700c-45e3-8727-aa2951bd2456","actor_username":"emre@forbrainacademy.com","actor_via_sso":false,"log_type":"token"}', '2025-07-23 09:03:04.29138+00', ''),
	('00000000-0000-0000-0000-000000000000', '2e1317f1-1868-4783-bdb2-924ac43a7831', '{"action":"token_refreshed","actor_id":"58b202a5-700c-45e3-8727-aa2951bd2456","actor_username":"emre@forbrainacademy.com","actor_via_sso":false,"log_type":"token"}', '2025-07-23 10:03:31.03498+00', ''),
	('00000000-0000-0000-0000-000000000000', '515c7b12-3feb-402b-85da-6ea950a7acd7', '{"action":"token_revoked","actor_id":"58b202a5-700c-45e3-8727-aa2951bd2456","actor_username":"emre@forbrainacademy.com","actor_via_sso":false,"log_type":"token"}', '2025-07-23 10:03:31.042612+00', ''),
	('00000000-0000-0000-0000-000000000000', '2c0ed9a0-86fc-4bea-94c6-45078712a1ab', '{"action":"token_refreshed","actor_id":"58b202a5-700c-45e3-8727-aa2951bd2456","actor_username":"emre@forbrainacademy.com","actor_via_sso":false,"log_type":"token"}', '2025-07-23 11:04:29.042278+00', ''),
	('00000000-0000-0000-0000-000000000000', '993d20c3-690d-4ea7-8360-4ac1925a18ed', '{"action":"token_revoked","actor_id":"58b202a5-700c-45e3-8727-aa2951bd2456","actor_username":"emre@forbrainacademy.com","actor_via_sso":false,"log_type":"token"}', '2025-07-23 11:04:29.04424+00', ''),
	('00000000-0000-0000-0000-000000000000', '7df0b002-3d92-472d-8ddc-b2cdaf170add', '{"action":"token_refreshed","actor_id":"58b202a5-700c-45e3-8727-aa2951bd2456","actor_username":"emre@forbrainacademy.com","actor_via_sso":false,"log_type":"token"}', '2025-07-23 12:05:53.707711+00', ''),
	('00000000-0000-0000-0000-000000000000', '38eb5316-da2d-45a3-9de2-07151916575b', '{"action":"token_revoked","actor_id":"58b202a5-700c-45e3-8727-aa2951bd2456","actor_username":"emre@forbrainacademy.com","actor_via_sso":false,"log_type":"token"}', '2025-07-23 12:05:53.710339+00', ''),
	('00000000-0000-0000-0000-000000000000', 'e413623b-b423-42e2-8957-2afaa8aa9b32', '{"action":"token_refreshed","actor_id":"58b202a5-700c-45e3-8727-aa2951bd2456","actor_username":"emre@forbrainacademy.com","actor_via_sso":false,"log_type":"token"}', '2025-07-23 13:07:06.192093+00', ''),
	('00000000-0000-0000-0000-000000000000', '51a11bc9-afa4-4013-9d1b-81c6f1b346eb', '{"action":"token_revoked","actor_id":"58b202a5-700c-45e3-8727-aa2951bd2456","actor_username":"emre@forbrainacademy.com","actor_via_sso":false,"log_type":"token"}', '2025-07-23 13:07:06.1963+00', ''),
	('00000000-0000-0000-0000-000000000000', 'fa68946b-8f65-4af7-861b-19e6e7f44a49', '{"action":"token_refreshed","actor_id":"58b202a5-700c-45e3-8727-aa2951bd2456","actor_username":"emre@forbrainacademy.com","actor_via_sso":false,"log_type":"token"}', '2025-07-23 14:07:23.956084+00', ''),
	('00000000-0000-0000-0000-000000000000', '49543699-689d-44f3-87d5-13306b8e3850', '{"action":"token_revoked","actor_id":"58b202a5-700c-45e3-8727-aa2951bd2456","actor_username":"emre@forbrainacademy.com","actor_via_sso":false,"log_type":"token"}', '2025-07-23 14:07:23.958298+00', ''),
	('00000000-0000-0000-0000-000000000000', 'b7270789-249e-4b69-b20a-ab6694c34c73', '{"action":"token_refreshed","actor_id":"58b202a5-700c-45e3-8727-aa2951bd2456","actor_username":"emre@forbrainacademy.com","actor_via_sso":false,"log_type":"token"}', '2025-07-23 15:05:30.887769+00', ''),
	('00000000-0000-0000-0000-000000000000', 'faece9cb-0e88-43c3-b5d2-bb9ad8a44330', '{"action":"token_revoked","actor_id":"58b202a5-700c-45e3-8727-aa2951bd2456","actor_username":"emre@forbrainacademy.com","actor_via_sso":false,"log_type":"token"}', '2025-07-23 15:05:30.889286+00', ''),
	('00000000-0000-0000-0000-000000000000', 'bc960fc7-67df-4404-9408-a3c08ffd94f7', '{"action":"token_refreshed","actor_id":"58b202a5-700c-45e3-8727-aa2951bd2456","actor_username":"emre@forbrainacademy.com","actor_via_sso":false,"log_type":"token"}', '2025-07-23 15:54:40.711956+00', ''),
	('00000000-0000-0000-0000-000000000000', '5d77adc9-5849-4968-8b4b-4cb53a23ed48', '{"action":"token_revoked","actor_id":"58b202a5-700c-45e3-8727-aa2951bd2456","actor_username":"emre@forbrainacademy.com","actor_via_sso":false,"log_type":"token"}', '2025-07-23 15:54:40.713857+00', ''),
	('00000000-0000-0000-0000-000000000000', '37f63aee-c0e1-4a40-affd-28399cb2a93a', '{"action":"token_refreshed","actor_id":"58b202a5-700c-45e3-8727-aa2951bd2456","actor_username":"emre@forbrainacademy.com","actor_via_sso":false,"log_type":"token"}', '2025-07-23 17:08:26.175809+00', ''),
	('00000000-0000-0000-0000-000000000000', '38099421-6c70-475b-8274-d128c287a8d9', '{"action":"token_revoked","actor_id":"58b202a5-700c-45e3-8727-aa2951bd2456","actor_username":"emre@forbrainacademy.com","actor_via_sso":false,"log_type":"token"}', '2025-07-23 17:08:26.177267+00', ''),
	('00000000-0000-0000-0000-000000000000', '8965da1c-9334-4974-b668-07b11890cf82', '{"action":"token_refreshed","actor_id":"58b202a5-700c-45e3-8727-aa2951bd2456","actor_username":"emre@forbrainacademy.com","actor_via_sso":false,"log_type":"token"}', '2025-07-23 17:32:44.78973+00', ''),
	('00000000-0000-0000-0000-000000000000', '2e920c59-a8c6-4146-9e58-fe9e0dc87863', '{"action":"token_revoked","actor_id":"58b202a5-700c-45e3-8727-aa2951bd2456","actor_username":"emre@forbrainacademy.com","actor_via_sso":false,"log_type":"token"}', '2025-07-23 17:32:44.79119+00', ''),
	('00000000-0000-0000-0000-000000000000', '6e8c638d-0b3a-4cf3-9e5c-87abf408422a', '{"action":"token_refreshed","actor_id":"58b202a5-700c-45e3-8727-aa2951bd2456","actor_username":"emre@forbrainacademy.com","actor_via_sso":false,"log_type":"token"}', '2025-07-23 21:15:50.326108+00', ''),
	('00000000-0000-0000-0000-000000000000', '555cca1b-9950-4dd1-84b7-160709c0d5c8', '{"action":"token_revoked","actor_id":"58b202a5-700c-45e3-8727-aa2951bd2456","actor_username":"emre@forbrainacademy.com","actor_via_sso":false,"log_type":"token"}', '2025-07-23 21:15:50.326916+00', ''),
	('00000000-0000-0000-0000-000000000000', '4c1f84e5-422d-43eb-80af-3761c4c9a649', '{"action":"token_refreshed","actor_id":"58b202a5-700c-45e3-8727-aa2951bd2456","actor_username":"emre@forbrainacademy.com","actor_via_sso":false,"log_type":"token"}', '2025-07-23 21:31:56.5279+00', ''),
	('00000000-0000-0000-0000-000000000000', '4c5cdcdf-0276-4d9a-8b7d-bcba53719d29', '{"action":"token_revoked","actor_id":"58b202a5-700c-45e3-8727-aa2951bd2456","actor_username":"emre@forbrainacademy.com","actor_via_sso":false,"log_type":"token"}', '2025-07-23 21:31:56.529541+00', ''),
	('00000000-0000-0000-0000-000000000000', '16676ad5-91a0-4dab-91e8-6095f999c4ad', '{"action":"token_refreshed","actor_id":"58b202a5-700c-45e3-8727-aa2951bd2456","actor_username":"emre@forbrainacademy.com","actor_via_sso":false,"log_type":"token"}', '2025-07-23 22:14:18.204416+00', ''),
	('00000000-0000-0000-0000-000000000000', 'bfd79a4b-67c8-4775-9bd0-99393a2065fa', '{"action":"token_revoked","actor_id":"58b202a5-700c-45e3-8727-aa2951bd2456","actor_username":"emre@forbrainacademy.com","actor_via_sso":false,"log_type":"token"}', '2025-07-23 22:14:18.205965+00', ''),
	('00000000-0000-0000-0000-000000000000', 'eddb0ef7-2fd2-4e47-b834-8e2d186865ba', '{"action":"token_refreshed","actor_id":"58b202a5-700c-45e3-8727-aa2951bd2456","actor_username":"emre@forbrainacademy.com","actor_via_sso":false,"log_type":"token"}', '2025-07-23 23:17:06.106397+00', ''),
	('00000000-0000-0000-0000-000000000000', 'fabaca1b-abe3-4488-a547-7b4a80a99f4e', '{"action":"token_revoked","actor_id":"58b202a5-700c-45e3-8727-aa2951bd2456","actor_username":"emre@forbrainacademy.com","actor_via_sso":false,"log_type":"token"}', '2025-07-23 23:17:06.108524+00', ''),
	('00000000-0000-0000-0000-000000000000', '84ffd836-7575-4528-be7c-9abfefcda57a', '{"action":"token_refreshed","actor_id":"58b202a5-700c-45e3-8727-aa2951bd2456","actor_username":"emre@forbrainacademy.com","actor_via_sso":false,"log_type":"token"}', '2025-07-24 00:08:42.546393+00', ''),
	('00000000-0000-0000-0000-000000000000', 'a4f87af6-e965-4529-ab10-1786f2aa2300', '{"action":"token_revoked","actor_id":"58b202a5-700c-45e3-8727-aa2951bd2456","actor_username":"emre@forbrainacademy.com","actor_via_sso":false,"log_type":"token"}', '2025-07-24 00:08:42.547177+00', ''),
	('00000000-0000-0000-0000-000000000000', 'bac0d598-aea7-47b2-946e-8911ff54974a', '{"action":"token_refreshed","actor_id":"58b202a5-700c-45e3-8727-aa2951bd2456","actor_username":"emre@forbrainacademy.com","actor_via_sso":false,"log_type":"token"}', '2025-07-24 00:16:05.772572+00', ''),
	('00000000-0000-0000-0000-000000000000', '05243ef7-99da-48f6-b3e0-c56f5a4dc1e2', '{"action":"token_revoked","actor_id":"58b202a5-700c-45e3-8727-aa2951bd2456","actor_username":"emre@forbrainacademy.com","actor_via_sso":false,"log_type":"token"}', '2025-07-24 00:16:05.775202+00', ''),
	('00000000-0000-0000-0000-000000000000', '92c9754e-245d-43f0-a458-d4f493b14d5e', '{"action":"token_refreshed","actor_id":"58b202a5-700c-45e3-8727-aa2951bd2456","actor_username":"emre@forbrainacademy.com","actor_via_sso":false,"log_type":"token"}', '2025-07-24 01:07:11.49254+00', ''),
	('00000000-0000-0000-0000-000000000000', 'e60cebea-8fd8-4d80-9a02-2efe91092069', '{"action":"token_revoked","actor_id":"58b202a5-700c-45e3-8727-aa2951bd2456","actor_username":"emre@forbrainacademy.com","actor_via_sso":false,"log_type":"token"}', '2025-07-24 01:07:11.494639+00', ''),
	('00000000-0000-0000-0000-000000000000', '21b544a7-67da-4983-a6b7-e5c2338cf922', '{"action":"token_refreshed","actor_id":"58b202a5-700c-45e3-8727-aa2951bd2456","actor_username":"emre@forbrainacademy.com","actor_via_sso":false,"log_type":"token"}', '2025-07-24 01:14:08.863546+00', ''),
	('00000000-0000-0000-0000-000000000000', 'dbe4d8bd-1513-40f2-ad01-3781870215f4', '{"action":"token_revoked","actor_id":"58b202a5-700c-45e3-8727-aa2951bd2456","actor_username":"emre@forbrainacademy.com","actor_via_sso":false,"log_type":"token"}', '2025-07-24 01:14:08.865361+00', ''),
	('00000000-0000-0000-0000-000000000000', '614d899f-a927-46dd-a2bf-5c2b1ceef0cb', '{"action":"login","actor_id":"58b202a5-700c-45e3-8727-aa2951bd2456","actor_username":"emre@forbrainacademy.com","actor_via_sso":false,"log_type":"account","traits":{"provider":"email"}}', '2025-07-24 01:40:30.533485+00', ''),
	('00000000-0000-0000-0000-000000000000', '90812471-e436-4f02-9513-c90c25055bc7', '{"action":"token_refreshed","actor_id":"58b202a5-700c-45e3-8727-aa2951bd2456","actor_username":"emre@forbrainacademy.com","actor_via_sso":false,"log_type":"token"}', '2025-07-24 02:41:01.366441+00', ''),
	('00000000-0000-0000-0000-000000000000', '625db17c-21ee-4ca6-bba2-7583c09dfbd7', '{"action":"token_revoked","actor_id":"58b202a5-700c-45e3-8727-aa2951bd2456","actor_username":"emre@forbrainacademy.com","actor_via_sso":false,"log_type":"token"}', '2025-07-24 02:41:01.369141+00', ''),
	('00000000-0000-0000-0000-000000000000', '2398109b-4fed-439c-9bbd-a59b0ee7c9c0', '{"action":"token_refreshed","actor_id":"58b202a5-700c-45e3-8727-aa2951bd2456","actor_username":"emre@forbrainacademy.com","actor_via_sso":false,"log_type":"token"}', '2025-07-24 03:42:49.848708+00', ''),
	('00000000-0000-0000-0000-000000000000', 'fec97b5c-cd47-4fe2-8400-f5805c699200', '{"action":"token_revoked","actor_id":"58b202a5-700c-45e3-8727-aa2951bd2456","actor_username":"emre@forbrainacademy.com","actor_via_sso":false,"log_type":"token"}', '2025-07-24 03:42:49.851343+00', ''),
	('00000000-0000-0000-0000-000000000000', 'b35535c1-83f0-4ca2-b1ee-14fb370c564b', '{"action":"token_refreshed","actor_id":"58b202a5-700c-45e3-8727-aa2951bd2456","actor_username":"emre@forbrainacademy.com","actor_via_sso":false,"log_type":"token"}', '2025-07-24 05:09:43.471662+00', ''),
	('00000000-0000-0000-0000-000000000000', '527c38b8-e430-47a3-97cd-e4d6e836e491', '{"action":"token_revoked","actor_id":"58b202a5-700c-45e3-8727-aa2951bd2456","actor_username":"emre@forbrainacademy.com","actor_via_sso":false,"log_type":"token"}', '2025-07-24 05:09:43.474064+00', ''),
	('00000000-0000-0000-0000-000000000000', '069d393b-ef63-4219-ba15-d627a2817147', '{"action":"login","actor_id":"58b202a5-700c-45e3-8727-aa2951bd2456","actor_username":"emre@forbrainacademy.com","actor_via_sso":false,"log_type":"account","traits":{"provider":"email"}}', '2025-07-24 05:48:22.035695+00', ''),
	('00000000-0000-0000-0000-000000000000', 'ac115420-8488-4221-bf7f-f0161dff71bf', '{"action":"login","actor_id":"58b202a5-700c-45e3-8727-aa2951bd2456","actor_username":"emre@forbrainacademy.com","actor_via_sso":false,"log_type":"account","traits":{"provider":"email"}}', '2025-07-24 06:14:27.199605+00', ''),
	('00000000-0000-0000-0000-000000000000', '33aa186e-9007-4fdd-be6f-4d460b3cf8b0', '{"action":"token_refreshed","actor_id":"58b202a5-700c-45e3-8727-aa2951bd2456","actor_username":"emre@forbrainacademy.com","actor_via_sso":false,"log_type":"token"}', '2025-07-24 16:17:53.586091+00', ''),
	('00000000-0000-0000-0000-000000000000', '09da121d-0ac3-4d7f-a5ae-6dd2c612e8ff', '{"action":"token_revoked","actor_id":"58b202a5-700c-45e3-8727-aa2951bd2456","actor_username":"emre@forbrainacademy.com","actor_via_sso":false,"log_type":"token"}', '2025-07-24 16:17:53.591535+00', ''),
	('00000000-0000-0000-0000-000000000000', '550e5e76-e97c-4c80-9c66-ecf6992db974', '{"action":"token_refreshed","actor_id":"58b202a5-700c-45e3-8727-aa2951bd2456","actor_username":"emre@forbrainacademy.com","actor_via_sso":false,"log_type":"token"}', '2025-07-24 16:49:02.936797+00', ''),
	('00000000-0000-0000-0000-000000000000', '8beeb12c-101a-4f8b-8070-866370cb4534', '{"action":"token_revoked","actor_id":"58b202a5-700c-45e3-8727-aa2951bd2456","actor_username":"emre@forbrainacademy.com","actor_via_sso":false,"log_type":"token"}', '2025-07-24 16:49:02.938006+00', ''),
	('00000000-0000-0000-0000-000000000000', '01d8c2ba-c43d-4050-bde6-b5ba7c6c846e', '{"action":"token_refreshed","actor_id":"58b202a5-700c-45e3-8727-aa2951bd2456","actor_username":"emre@forbrainacademy.com","actor_via_sso":false,"log_type":"token"}', '2025-07-24 17:06:10.240578+00', ''),
	('00000000-0000-0000-0000-000000000000', 'b4f420ee-41a7-4046-9587-639c341b7865', '{"action":"token_revoked","actor_id":"58b202a5-700c-45e3-8727-aa2951bd2456","actor_username":"emre@forbrainacademy.com","actor_via_sso":false,"log_type":"token"}', '2025-07-24 17:06:10.242659+00', ''),
	('00000000-0000-0000-0000-000000000000', '1c209879-76d8-430c-9ae8-8a2899403a0d', '{"action":"token_refreshed","actor_id":"58b202a5-700c-45e3-8727-aa2951bd2456","actor_username":"emre@forbrainacademy.com","actor_via_sso":false,"log_type":"token"}', '2025-07-24 17:16:42.303115+00', ''),
	('00000000-0000-0000-0000-000000000000', 'c72f3f37-dea8-4c18-8d22-f75b8c90aa54', '{"action":"token_revoked","actor_id":"58b202a5-700c-45e3-8727-aa2951bd2456","actor_username":"emre@forbrainacademy.com","actor_via_sso":false,"log_type":"token"}', '2025-07-24 17:16:42.305251+00', ''),
	('00000000-0000-0000-0000-000000000000', '0ec9117c-6732-43c1-8c1d-359cb9551df3', '{"action":"token_refreshed","actor_id":"58b202a5-700c-45e3-8727-aa2951bd2456","actor_username":"emre@forbrainacademy.com","actor_via_sso":false,"log_type":"token"}', '2025-07-24 17:41:08.440673+00', ''),
	('00000000-0000-0000-0000-000000000000', 'a137ef9e-a494-4648-8572-997d8960af7f', '{"action":"token_revoked","actor_id":"58b202a5-700c-45e3-8727-aa2951bd2456","actor_username":"emre@forbrainacademy.com","actor_via_sso":false,"log_type":"token"}', '2025-07-24 17:41:08.442592+00', ''),
	('00000000-0000-0000-0000-000000000000', '60843663-9b63-47d3-b2f6-41e86d449c31', '{"action":"login","actor_id":"58b202a5-700c-45e3-8727-aa2951bd2456","actor_username":"emre@forbrainacademy.com","actor_via_sso":false,"log_type":"account","traits":{"provider":"email"}}', '2025-07-24 18:35:17.489095+00', ''),
	('00000000-0000-0000-0000-000000000000', '94284cf5-7de9-4eed-b3ed-cd250501a51c', '{"action":"token_refreshed","actor_id":"58b202a5-700c-45e3-8727-aa2951bd2456","actor_username":"emre@forbrainacademy.com","actor_via_sso":false,"log_type":"token"}', '2025-07-24 19:34:26.804839+00', ''),
	('00000000-0000-0000-0000-000000000000', '7a5fec55-e4f0-470f-bdb1-283bbcb3c20d', '{"action":"token_revoked","actor_id":"58b202a5-700c-45e3-8727-aa2951bd2456","actor_username":"emre@forbrainacademy.com","actor_via_sso":false,"log_type":"token"}', '2025-07-24 19:34:26.807667+00', ''),
	('00000000-0000-0000-0000-000000000000', '48232c2e-fab1-464b-be2e-5630e2a434ae', '{"action":"token_refreshed","actor_id":"58b202a5-700c-45e3-8727-aa2951bd2456","actor_username":"emre@forbrainacademy.com","actor_via_sso":false,"log_type":"token"}', '2025-07-24 19:37:41.548332+00', ''),
	('00000000-0000-0000-0000-000000000000', '8667fb1b-f534-480f-b842-06d1260d090b', '{"action":"token_revoked","actor_id":"58b202a5-700c-45e3-8727-aa2951bd2456","actor_username":"emre@forbrainacademy.com","actor_via_sso":false,"log_type":"token"}', '2025-07-24 19:37:41.549145+00', ''),
	('00000000-0000-0000-0000-000000000000', '1b0c3ffe-1117-4c6a-9d56-c71f988bf21b', '{"action":"token_refreshed","actor_id":"58b202a5-700c-45e3-8727-aa2951bd2456","actor_username":"emre@forbrainacademy.com","actor_via_sso":false,"log_type":"token"}', '2025-07-24 19:38:47.340149+00', ''),
	('00000000-0000-0000-0000-000000000000', '2aaaf55e-77e8-47e6-8c9e-76c9220808b0', '{"action":"token_revoked","actor_id":"58b202a5-700c-45e3-8727-aa2951bd2456","actor_username":"emre@forbrainacademy.com","actor_via_sso":false,"log_type":"token"}', '2025-07-24 19:38:47.341622+00', ''),
	('00000000-0000-0000-0000-000000000000', 'e85524a5-5db3-4a8d-9de7-0969a951111d', '{"action":"token_refreshed","actor_id":"58b202a5-700c-45e3-8727-aa2951bd2456","actor_username":"emre@forbrainacademy.com","actor_via_sso":false,"log_type":"token"}', '2025-07-24 19:39:17.942847+00', ''),
	('00000000-0000-0000-0000-000000000000', 'a39798ad-b09f-4c04-8484-31a271bc4d00', '{"action":"token_revoked","actor_id":"58b202a5-700c-45e3-8727-aa2951bd2456","actor_username":"emre@forbrainacademy.com","actor_via_sso":false,"log_type":"token"}', '2025-07-24 19:39:17.943454+00', ''),
	('00000000-0000-0000-0000-000000000000', '3954be99-ee88-400a-a7fe-6cd5e210168c', '{"action":"token_refreshed","actor_id":"58b202a5-700c-45e3-8727-aa2951bd2456","actor_username":"emre@forbrainacademy.com","actor_via_sso":false,"log_type":"token"}', '2025-07-24 20:42:06.047008+00', ''),
	('00000000-0000-0000-0000-000000000000', '0e047028-f6d3-4cfd-8cf9-597f13da572f', '{"action":"token_revoked","actor_id":"58b202a5-700c-45e3-8727-aa2951bd2456","actor_username":"emre@forbrainacademy.com","actor_via_sso":false,"log_type":"token"}', '2025-07-24 20:42:06.04987+00', ''),
	('00000000-0000-0000-0000-000000000000', 'd9a80888-ae37-4497-bd55-feb9a7165eeb', '{"action":"token_refreshed","actor_id":"58b202a5-700c-45e3-8727-aa2951bd2456","actor_username":"emre@forbrainacademy.com","actor_via_sso":false,"log_type":"token"}', '2025-07-24 21:47:20.940495+00', ''),
	('00000000-0000-0000-0000-000000000000', '5cd6a112-fb63-456e-bc5a-c3f3ffd300b1', '{"action":"token_revoked","actor_id":"58b202a5-700c-45e3-8727-aa2951bd2456","actor_username":"emre@forbrainacademy.com","actor_via_sso":false,"log_type":"token"}', '2025-07-24 21:47:20.942704+00', ''),
	('00000000-0000-0000-0000-000000000000', 'f594273b-75e5-47e5-8498-582eae44f14e', '{"action":"token_refreshed","actor_id":"58b202a5-700c-45e3-8727-aa2951bd2456","actor_username":"emre@forbrainacademy.com","actor_via_sso":false,"log_type":"token"}', '2025-07-24 22:46:38.337219+00', ''),
	('00000000-0000-0000-0000-000000000000', '8e574bb0-5bc3-4611-b94b-e7849c5da41e', '{"action":"token_revoked","actor_id":"58b202a5-700c-45e3-8727-aa2951bd2456","actor_username":"emre@forbrainacademy.com","actor_via_sso":false,"log_type":"token"}', '2025-07-24 22:46:38.340558+00', ''),
	('00000000-0000-0000-0000-000000000000', '3c9c2cda-6c8d-4e56-a7d7-96aa58b9852f', '{"action":"token_refreshed","actor_id":"58b202a5-700c-45e3-8727-aa2951bd2456","actor_username":"emre@forbrainacademy.com","actor_via_sso":false,"log_type":"token"}', '2025-07-24 23:03:26.072639+00', ''),
	('00000000-0000-0000-0000-000000000000', 'cce4b2ca-e809-495f-b97d-90fb3b459d0f', '{"action":"token_revoked","actor_id":"58b202a5-700c-45e3-8727-aa2951bd2456","actor_username":"emre@forbrainacademy.com","actor_via_sso":false,"log_type":"token"}', '2025-07-24 23:03:26.075805+00', ''),
	('00000000-0000-0000-0000-000000000000', 'b8f71995-9d94-484a-aad1-3240f5597223', '{"action":"token_refreshed","actor_id":"58b202a5-700c-45e3-8727-aa2951bd2456","actor_username":"emre@forbrainacademy.com","actor_via_sso":false,"log_type":"token"}', '2025-07-24 23:03:34.185709+00', ''),
	('00000000-0000-0000-0000-000000000000', '98b764fa-9052-4761-af0b-30617d02aca8', '{"action":"token_revoked","actor_id":"58b202a5-700c-45e3-8727-aa2951bd2456","actor_username":"emre@forbrainacademy.com","actor_via_sso":false,"log_type":"token"}', '2025-07-24 23:03:34.186278+00', ''),
	('00000000-0000-0000-0000-000000000000', '659aac87-bde8-4f37-866a-fe6e0105db76', '{"action":"token_refreshed","actor_id":"58b202a5-700c-45e3-8727-aa2951bd2456","actor_username":"emre@forbrainacademy.com","actor_via_sso":false,"log_type":"token"}', '2025-07-24 23:07:11.815613+00', ''),
	('00000000-0000-0000-0000-000000000000', '17ad7415-8dc2-4c97-bb25-9c6f1ef7ff8f', '{"action":"token_revoked","actor_id":"58b202a5-700c-45e3-8727-aa2951bd2456","actor_username":"emre@forbrainacademy.com","actor_via_sso":false,"log_type":"token"}', '2025-07-24 23:07:11.816431+00', ''),
	('00000000-0000-0000-0000-000000000000', '3bd9c824-8aa7-4e33-ab5b-a59a2fec709e', '{"action":"token_refreshed","actor_id":"58b202a5-700c-45e3-8727-aa2951bd2456","actor_username":"emre@forbrainacademy.com","actor_via_sso":false,"log_type":"token"}', '2025-07-25 00:06:51.222908+00', ''),
	('00000000-0000-0000-0000-000000000000', '2e118c55-c84d-48d7-b6c9-1acf70b25fc7', '{"action":"token_revoked","actor_id":"58b202a5-700c-45e3-8727-aa2951bd2456","actor_username":"emre@forbrainacademy.com","actor_via_sso":false,"log_type":"token"}', '2025-07-25 00:06:51.226198+00', ''),
	('00000000-0000-0000-0000-000000000000', 'e8803148-6b45-4f65-b85c-29434ad92ab1', '{"action":"token_refreshed","actor_id":"58b202a5-700c-45e3-8727-aa2951bd2456","actor_username":"emre@forbrainacademy.com","actor_via_sso":false,"log_type":"token"}', '2025-07-25 00:58:43.492815+00', ''),
	('00000000-0000-0000-0000-000000000000', 'fa454e4e-8b7e-474d-b70a-8dc907ba48fc', '{"action":"token_revoked","actor_id":"58b202a5-700c-45e3-8727-aa2951bd2456","actor_username":"emre@forbrainacademy.com","actor_via_sso":false,"log_type":"token"}', '2025-07-25 00:58:43.49442+00', ''),
	('00000000-0000-0000-0000-000000000000', '8f7b3062-171b-4633-bc0a-dd8e175549b8', '{"action":"token_refreshed","actor_id":"58b202a5-700c-45e3-8727-aa2951bd2456","actor_username":"emre@forbrainacademy.com","actor_via_sso":false,"log_type":"token"}', '2025-07-25 06:29:24.540551+00', ''),
	('00000000-0000-0000-0000-000000000000', 'a4b4fc6a-5406-4cdb-9474-18b752001b2c', '{"action":"token_revoked","actor_id":"58b202a5-700c-45e3-8727-aa2951bd2456","actor_username":"emre@forbrainacademy.com","actor_via_sso":false,"log_type":"token"}', '2025-07-25 06:29:24.551458+00', ''),
	('00000000-0000-0000-0000-000000000000', '60c291ac-9f6e-4ad5-af02-8a912f5985eb', '{"action":"token_refreshed","actor_id":"58b202a5-700c-45e3-8727-aa2951bd2456","actor_username":"emre@forbrainacademy.com","actor_via_sso":false,"log_type":"token"}', '2025-07-25 08:20:24.364104+00', ''),
	('00000000-0000-0000-0000-000000000000', '97fe62c8-3844-46af-a2b8-2d7024ef8a50', '{"action":"token_revoked","actor_id":"58b202a5-700c-45e3-8727-aa2951bd2456","actor_username":"emre@forbrainacademy.com","actor_via_sso":false,"log_type":"token"}', '2025-07-25 08:20:24.365607+00', ''),
	('00000000-0000-0000-0000-000000000000', 'af0abab0-5888-431d-922a-6e22cf341ca9', '{"action":"token_refreshed","actor_id":"58b202a5-700c-45e3-8727-aa2951bd2456","actor_username":"emre@forbrainacademy.com","actor_via_sso":false,"log_type":"token"}', '2025-07-25 08:21:02.325141+00', ''),
	('00000000-0000-0000-0000-000000000000', 'ca58a366-3946-4037-83d3-f1bc33e112c1', '{"action":"token_revoked","actor_id":"58b202a5-700c-45e3-8727-aa2951bd2456","actor_username":"emre@forbrainacademy.com","actor_via_sso":false,"log_type":"token"}', '2025-07-25 08:21:02.325897+00', ''),
	('00000000-0000-0000-0000-000000000000', '676d96d5-56fa-4557-a5fe-8f9037fec893', '{"action":"token_refreshed","actor_id":"58b202a5-700c-45e3-8727-aa2951bd2456","actor_username":"emre@forbrainacademy.com","actor_via_sso":false,"log_type":"token"}', '2025-07-25 09:19:19.390896+00', ''),
	('00000000-0000-0000-0000-000000000000', 'c3764c78-5c4d-48b7-b5b7-5f0177630ca4', '{"action":"token_revoked","actor_id":"58b202a5-700c-45e3-8727-aa2951bd2456","actor_username":"emre@forbrainacademy.com","actor_via_sso":false,"log_type":"token"}', '2025-07-25 09:19:19.397189+00', ''),
	('00000000-0000-0000-0000-000000000000', 'e21bb2a3-39eb-45e0-b44e-417af0345994', '{"action":"token_refreshed","actor_id":"58b202a5-700c-45e3-8727-aa2951bd2456","actor_username":"emre@forbrainacademy.com","actor_via_sso":false,"log_type":"token"}', '2025-07-25 17:00:03.79348+00', ''),
	('00000000-0000-0000-0000-000000000000', '48795ea3-5215-4f65-932d-3f9d85000dfa', '{"action":"token_revoked","actor_id":"58b202a5-700c-45e3-8727-aa2951bd2456","actor_username":"emre@forbrainacademy.com","actor_via_sso":false,"log_type":"token"}', '2025-07-25 17:00:03.800899+00', ''),
	('00000000-0000-0000-0000-000000000000', '3cd6ded6-45ef-4bf3-8c4f-e33ba1d056dd', '{"action":"login","actor_id":"58b202a5-700c-45e3-8727-aa2951bd2456","actor_username":"emre@forbrainacademy.com","actor_via_sso":false,"log_type":"account","traits":{"provider":"email"}}', '2025-07-25 17:05:23.581528+00', ''),
	('00000000-0000-0000-0000-000000000000', 'ac43e50a-10c5-4266-943b-5d807937719e', '{"action":"token_refreshed","actor_id":"58b202a5-700c-45e3-8727-aa2951bd2456","actor_username":"emre@forbrainacademy.com","actor_via_sso":false,"log_type":"token"}', '2025-07-25 17:09:12.646593+00', ''),
	('00000000-0000-0000-0000-000000000000', '7419c9e2-0634-4462-9cf1-6132f9488bad', '{"action":"token_revoked","actor_id":"58b202a5-700c-45e3-8727-aa2951bd2456","actor_username":"emre@forbrainacademy.com","actor_via_sso":false,"log_type":"token"}', '2025-07-25 17:09:12.648194+00', ''),
	('00000000-0000-0000-0000-000000000000', '53a06420-6610-41d7-b55b-5ec2afffea31', '{"action":"token_refreshed","actor_id":"58b202a5-700c-45e3-8727-aa2951bd2456","actor_username":"emre@forbrainacademy.com","actor_via_sso":false,"log_type":"token"}', '2025-07-25 17:18:32.771051+00', ''),
	('00000000-0000-0000-0000-000000000000', '92f49757-5ad7-4955-967b-31e86d5e2d25', '{"action":"token_revoked","actor_id":"58b202a5-700c-45e3-8727-aa2951bd2456","actor_username":"emre@forbrainacademy.com","actor_via_sso":false,"log_type":"token"}', '2025-07-25 17:18:32.771873+00', ''),
	('00000000-0000-0000-0000-000000000000', '85e3623f-f028-4f63-b923-a48a70ed6cc9', '{"action":"token_refreshed","actor_id":"58b202a5-700c-45e3-8727-aa2951bd2456","actor_username":"emre@forbrainacademy.com","actor_via_sso":false,"log_type":"token"}', '2025-07-25 18:09:19.835542+00', ''),
	('00000000-0000-0000-0000-000000000000', '849766ee-5568-4d4f-b8a4-a3925b589948', '{"action":"token_revoked","actor_id":"58b202a5-700c-45e3-8727-aa2951bd2456","actor_username":"emre@forbrainacademy.com","actor_via_sso":false,"log_type":"token"}', '2025-07-25 18:09:19.837643+00', ''),
	('00000000-0000-0000-0000-000000000000', 'e2fdf54b-e3f4-4817-b772-d2a76ae67937', '{"action":"login","actor_id":"58b202a5-700c-45e3-8727-aa2951bd2456","actor_username":"emre@forbrainacademy.com","actor_via_sso":false,"log_type":"account","traits":{"provider":"email"}}', '2025-07-25 18:23:32.469801+00', ''),
	('00000000-0000-0000-0000-000000000000', 'c3740a31-83b1-4443-bba9-128c08cd322b', '{"action":"login","actor_id":"58b202a5-700c-45e3-8727-aa2951bd2456","actor_username":"emre@forbrainacademy.com","actor_via_sso":false,"log_type":"account","traits":{"provider":"email"}}', '2025-07-25 18:23:38.36804+00', ''),
	('00000000-0000-0000-0000-000000000000', '6c863dfd-97c0-4397-b1fd-4fa1f2924fd1', '{"action":"login","actor_id":"58b202a5-700c-45e3-8727-aa2951bd2456","actor_username":"emre@forbrainacademy.com","actor_via_sso":false,"log_type":"account","traits":{"provider":"email"}}', '2025-07-25 18:23:41.56816+00', ''),
	('00000000-0000-0000-0000-000000000000', 'c78ed13b-aad5-4cea-bbf0-77d12f0c4613', '{"action":"token_refreshed","actor_id":"58b202a5-700c-45e3-8727-aa2951bd2456","actor_username":"emre@forbrainacademy.com","actor_via_sso":false,"log_type":"token"}', '2025-07-25 19:24:48.888341+00', ''),
	('00000000-0000-0000-0000-000000000000', '38dc9ed3-d387-4451-930b-a3a2157c489a', '{"action":"token_revoked","actor_id":"58b202a5-700c-45e3-8727-aa2951bd2456","actor_username":"emre@forbrainacademy.com","actor_via_sso":false,"log_type":"token"}', '2025-07-25 19:24:48.891591+00', ''),
	('00000000-0000-0000-0000-000000000000', '68ae59d9-cfa6-4f3e-b6c6-c269d24c0c4b', '{"action":"token_refreshed","actor_id":"58b202a5-700c-45e3-8727-aa2951bd2456","actor_username":"emre@forbrainacademy.com","actor_via_sso":false,"log_type":"token"}', '2025-07-25 19:42:28.239859+00', ''),
	('00000000-0000-0000-0000-000000000000', 'dba578f0-3704-4b55-8723-9dac15cf1e40', '{"action":"token_revoked","actor_id":"58b202a5-700c-45e3-8727-aa2951bd2456","actor_username":"emre@forbrainacademy.com","actor_via_sso":false,"log_type":"token"}', '2025-07-25 19:42:28.241932+00', ''),
	('00000000-0000-0000-0000-000000000000', '422267aa-e583-4fc0-bec9-bfeeb239700d', '{"action":"token_refreshed","actor_id":"58b202a5-700c-45e3-8727-aa2951bd2456","actor_username":"emre@forbrainacademy.com","actor_via_sso":false,"log_type":"token"}', '2025-07-25 19:43:07.597598+00', ''),
	('00000000-0000-0000-0000-000000000000', 'ed3d9098-7ba5-48f7-ae29-50e42501037e', '{"action":"token_revoked","actor_id":"58b202a5-700c-45e3-8727-aa2951bd2456","actor_username":"emre@forbrainacademy.com","actor_via_sso":false,"log_type":"token"}', '2025-07-25 19:43:07.598163+00', ''),
	('00000000-0000-0000-0000-000000000000', '6ed5ed85-54f2-41d3-ab9d-b7e11180a11f', '{"action":"token_refreshed","actor_id":"58b202a5-700c-45e3-8727-aa2951bd2456","actor_username":"emre@forbrainacademy.com","actor_via_sso":false,"log_type":"token"}', '2025-07-25 20:01:57.531577+00', ''),
	('00000000-0000-0000-0000-000000000000', '88bc80cc-9b03-4e56-9eca-4809e7cd3f1a', '{"action":"token_revoked","actor_id":"58b202a5-700c-45e3-8727-aa2951bd2456","actor_username":"emre@forbrainacademy.com","actor_via_sso":false,"log_type":"token"}', '2025-07-25 20:01:57.533219+00', ''),
	('00000000-0000-0000-0000-000000000000', '7c308e84-fa78-41ae-a12e-20f9df3c53d4', '{"action":"token_refreshed","actor_id":"58b202a5-700c-45e3-8727-aa2951bd2456","actor_username":"emre@forbrainacademy.com","actor_via_sso":false,"log_type":"token"}', '2025-07-25 20:37:37.775224+00', ''),
	('00000000-0000-0000-0000-000000000000', 'bf90ae89-9975-45fd-913c-3cfb91d9851b', '{"action":"token_revoked","actor_id":"58b202a5-700c-45e3-8727-aa2951bd2456","actor_username":"emre@forbrainacademy.com","actor_via_sso":false,"log_type":"token"}', '2025-07-25 20:37:37.778696+00', ''),
	('00000000-0000-0000-0000-000000000000', 'ae86d8dc-912b-49cb-9f4a-7b540468f727', '{"action":"token_refreshed","actor_id":"58b202a5-700c-45e3-8727-aa2951bd2456","actor_username":"emre@forbrainacademy.com","actor_via_sso":false,"log_type":"token"}', '2025-07-25 21:09:02.950741+00', ''),
	('00000000-0000-0000-0000-000000000000', '83c24c77-4b54-4af6-8de1-bc7b32428054', '{"action":"token_revoked","actor_id":"58b202a5-700c-45e3-8727-aa2951bd2456","actor_username":"emre@forbrainacademy.com","actor_via_sso":false,"log_type":"token"}', '2025-07-25 21:09:02.953552+00', ''),
	('00000000-0000-0000-0000-000000000000', '084497ce-a2eb-4a5b-aed0-48261d82f3f2', '{"action":"token_refreshed","actor_id":"58b202a5-700c-45e3-8727-aa2951bd2456","actor_username":"emre@forbrainacademy.com","actor_via_sso":false,"log_type":"token"}', '2025-07-26 01:54:39.035422+00', ''),
	('00000000-0000-0000-0000-000000000000', 'f57d5b09-bc5a-4285-9a2c-7c4421a09b95', '{"action":"token_revoked","actor_id":"58b202a5-700c-45e3-8727-aa2951bd2456","actor_username":"emre@forbrainacademy.com","actor_via_sso":false,"log_type":"token"}', '2025-07-26 01:54:39.043858+00', ''),
	('00000000-0000-0000-0000-000000000000', '5926c578-1b4d-4d70-a92a-666f93092532', '{"action":"token_refreshed","actor_id":"58b202a5-700c-45e3-8727-aa2951bd2456","actor_username":"emre@forbrainacademy.com","actor_via_sso":false,"log_type":"token"}', '2025-07-26 01:54:39.624067+00', ''),
	('00000000-0000-0000-0000-000000000000', '490cef19-7fdc-46b3-8f79-08cbb1880d0f', '{"action":"token_revoked","actor_id":"58b202a5-700c-45e3-8727-aa2951bd2456","actor_username":"emre@forbrainacademy.com","actor_via_sso":false,"log_type":"token"}', '2025-07-26 01:54:39.624745+00', ''),
	('00000000-0000-0000-0000-000000000000', 'bc02071b-2006-4783-a527-73e2e1556bf4', '{"action":"token_refreshed","actor_id":"58b202a5-700c-45e3-8727-aa2951bd2456","actor_username":"emre@forbrainacademy.com","actor_via_sso":false,"log_type":"token"}', '2025-07-26 01:55:44.871479+00', ''),
	('00000000-0000-0000-0000-000000000000', '5b457be8-03d3-45ef-9196-3e4f9dc4efaf', '{"action":"token_revoked","actor_id":"58b202a5-700c-45e3-8727-aa2951bd2456","actor_username":"emre@forbrainacademy.com","actor_via_sso":false,"log_type":"token"}', '2025-07-26 01:55:44.872296+00', ''),
	('00000000-0000-0000-0000-000000000000', 'da064082-83da-4170-98ca-6b146df0ae76', '{"action":"token_refreshed","actor_id":"58b202a5-700c-45e3-8727-aa2951bd2456","actor_username":"emre@forbrainacademy.com","actor_via_sso":false,"log_type":"token"}', '2025-07-26 01:56:26.101583+00', ''),
	('00000000-0000-0000-0000-000000000000', '824792a4-fb94-41c6-ae03-b0ed0900c93f', '{"action":"token_revoked","actor_id":"58b202a5-700c-45e3-8727-aa2951bd2456","actor_username":"emre@forbrainacademy.com","actor_via_sso":false,"log_type":"token"}', '2025-07-26 01:56:26.102122+00', ''),
	('00000000-0000-0000-0000-000000000000', '6f83b6d5-439e-4c93-a720-df6ed6ed3236', '{"action":"user_repeated_signup","actor_id":"58b202a5-700c-45e3-8727-aa2951bd2456","actor_username":"emre@forbrainacademy.com","actor_via_sso":false,"log_type":"user","traits":{"provider":"email"}}', '2025-07-26 02:20:27.307695+00', ''),
	('00000000-0000-0000-0000-000000000000', '6f82d68d-a77e-4769-92fa-3cb6c413ad72', '{"action":"user_signedup","actor_id":"8ba6a504-c170-406a-baa3-1403c39cf85e","actor_username":"test@forbrainacademy.com","actor_via_sso":false,"log_type":"team","traits":{"provider":"email"}}', '2025-07-26 02:20:31.73123+00', ''),
	('00000000-0000-0000-0000-000000000000', '77e3ce66-b8b6-49b4-bddd-79f494358f66', '{"action":"login","actor_id":"8ba6a504-c170-406a-baa3-1403c39cf85e","actor_username":"test@forbrainacademy.com","actor_via_sso":false,"log_type":"account","traits":{"provider":"email"}}', '2025-07-26 02:20:31.738698+00', ''),
	('00000000-0000-0000-0000-000000000000', '498b4c05-064d-40a7-8e89-f35774c5ebe4', '{"action":"token_refreshed","actor_id":"58b202a5-700c-45e3-8727-aa2951bd2456","actor_username":"emre@forbrainacademy.com","actor_via_sso":false,"log_type":"token"}', '2025-07-26 02:53:14.736229+00', ''),
	('00000000-0000-0000-0000-000000000000', '5cc3f7a6-f709-47a9-a29a-9b103a3b0a00', '{"action":"token_revoked","actor_id":"58b202a5-700c-45e3-8727-aa2951bd2456","actor_username":"emre@forbrainacademy.com","actor_via_sso":false,"log_type":"token"}', '2025-07-26 02:53:14.739812+00', ''),
	('00000000-0000-0000-0000-000000000000', 'e68363ee-2c8f-4bf4-a9f9-9d37d87aac2f', '{"action":"token_refreshed","actor_id":"58b202a5-700c-45e3-8727-aa2951bd2456","actor_username":"emre@forbrainacademy.com","actor_via_sso":false,"log_type":"token"}', '2025-07-26 02:55:42.370383+00', ''),
	('00000000-0000-0000-0000-000000000000', 'd727f4b7-4331-4a94-b30d-83ad9c322ab9', '{"action":"token_revoked","actor_id":"58b202a5-700c-45e3-8727-aa2951bd2456","actor_username":"emre@forbrainacademy.com","actor_via_sso":false,"log_type":"token"}', '2025-07-26 02:55:42.371729+00', ''),
	('00000000-0000-0000-0000-000000000000', '07ff34c4-328a-4762-ae2e-d72d781e6153', '{"action":"token_refreshed","actor_id":"58b202a5-700c-45e3-8727-aa2951bd2456","actor_username":"emre@forbrainacademy.com","actor_via_sso":false,"log_type":"token"}', '2025-07-26 02:56:03.540548+00', ''),
	('00000000-0000-0000-0000-000000000000', '321aa316-5e25-4d56-a4b1-585c6adbc553', '{"action":"token_revoked","actor_id":"58b202a5-700c-45e3-8727-aa2951bd2456","actor_username":"emre@forbrainacademy.com","actor_via_sso":false,"log_type":"token"}', '2025-07-26 02:56:03.541138+00', ''),
	('00000000-0000-0000-0000-000000000000', 'c82ad4c3-5399-4702-88ea-88f40ea169cc', '{"action":"token_refreshed","actor_id":"58b202a5-700c-45e3-8727-aa2951bd2456","actor_username":"emre@forbrainacademy.com","actor_via_sso":false,"log_type":"token"}', '2025-07-26 03:01:14.369414+00', ''),
	('00000000-0000-0000-0000-000000000000', '398f1e37-5457-477b-aa11-5cd69f9bd395', '{"action":"token_revoked","actor_id":"58b202a5-700c-45e3-8727-aa2951bd2456","actor_username":"emre@forbrainacademy.com","actor_via_sso":false,"log_type":"token"}', '2025-07-26 03:01:14.371771+00', ''),
	('00000000-0000-0000-0000-000000000000', '66860c28-2483-46fc-9642-f9844bff3eb8', '{"action":"token_refreshed","actor_id":"58b202a5-700c-45e3-8727-aa2951bd2456","actor_username":"emre@forbrainacademy.com","actor_via_sso":false,"log_type":"token"}', '2025-07-26 03:01:24.518246+00', ''),
	('00000000-0000-0000-0000-000000000000', 'b9083f00-a227-45b2-a091-e3211dec85db', '{"action":"token_revoked","actor_id":"58b202a5-700c-45e3-8727-aa2951bd2456","actor_username":"emre@forbrainacademy.com","actor_via_sso":false,"log_type":"token"}', '2025-07-26 03:01:24.518777+00', ''),
	('00000000-0000-0000-0000-000000000000', 'c1f35182-fb10-4f1d-a046-e4c3fa28d0fe', '{"action":"token_refreshed","actor_id":"58b202a5-700c-45e3-8727-aa2951bd2456","actor_username":"emre@forbrainacademy.com","actor_via_sso":false,"log_type":"token"}', '2025-07-26 03:54:18.497613+00', ''),
	('00000000-0000-0000-0000-000000000000', '4de995c5-6106-4119-b352-3e8ed7ae32cd', '{"action":"token_revoked","actor_id":"58b202a5-700c-45e3-8727-aa2951bd2456","actor_username":"emre@forbrainacademy.com","actor_via_sso":false,"log_type":"token"}', '2025-07-26 03:54:18.502146+00', ''),
	('00000000-0000-0000-0000-000000000000', 'b711349b-8910-4f2b-8c37-72b7f5788091', '{"action":"token_refreshed","actor_id":"58b202a5-700c-45e3-8727-aa2951bd2456","actor_username":"emre@forbrainacademy.com","actor_via_sso":false,"log_type":"token"}', '2025-07-26 04:13:48.920208+00', ''),
	('00000000-0000-0000-0000-000000000000', 'b99f5e11-53cb-44db-ac3c-211d80b3cfb1', '{"action":"token_revoked","actor_id":"58b202a5-700c-45e3-8727-aa2951bd2456","actor_username":"emre@forbrainacademy.com","actor_via_sso":false,"log_type":"token"}', '2025-07-26 04:13:48.921058+00', ''),
	('00000000-0000-0000-0000-000000000000', '726dc682-a8d4-4c67-883d-ec787d177e49', '{"action":"token_refreshed","actor_id":"58b202a5-700c-45e3-8727-aa2951bd2456","actor_username":"emre@forbrainacademy.com","actor_via_sso":false,"log_type":"token"}', '2025-07-26 04:21:51.028629+00', ''),
	('00000000-0000-0000-0000-000000000000', 'b46d34ab-886b-4d60-b8e1-5f33323bce87', '{"action":"token_revoked","actor_id":"58b202a5-700c-45e3-8727-aa2951bd2456","actor_username":"emre@forbrainacademy.com","actor_via_sso":false,"log_type":"token"}', '2025-07-26 04:21:51.029982+00', ''),
	('00000000-0000-0000-0000-000000000000', 'd88c2631-85c0-40a1-a449-eb2f0076bef7', '{"action":"token_refreshed","actor_id":"58b202a5-700c-45e3-8727-aa2951bd2456","actor_username":"emre@forbrainacademy.com","actor_via_sso":false,"log_type":"token"}', '2025-07-26 04:22:36.443783+00', ''),
	('00000000-0000-0000-0000-000000000000', '82236580-1498-4b81-942a-39b65f2ce915', '{"action":"token_revoked","actor_id":"58b202a5-700c-45e3-8727-aa2951bd2456","actor_username":"emre@forbrainacademy.com","actor_via_sso":false,"log_type":"token"}', '2025-07-26 04:22:36.444328+00', ''),
	('00000000-0000-0000-0000-000000000000', 'd295b2b5-bb56-482c-b010-bb47e7415e84', '{"action":"token_refreshed","actor_id":"58b202a5-700c-45e3-8727-aa2951bd2456","actor_username":"emre@forbrainacademy.com","actor_via_sso":false,"log_type":"token"}', '2025-07-26 04:39:24.461559+00', ''),
	('00000000-0000-0000-0000-000000000000', '76e4373d-1b6f-44ef-86e0-58a71f4a9378', '{"action":"token_revoked","actor_id":"58b202a5-700c-45e3-8727-aa2951bd2456","actor_username":"emre@forbrainacademy.com","actor_via_sso":false,"log_type":"token"}', '2025-07-26 04:39:24.462989+00', ''),
	('00000000-0000-0000-0000-000000000000', 'a5361ca2-de91-466a-8ab6-5388b8c0baf0', '{"action":"token_refreshed","actor_id":"58b202a5-700c-45e3-8727-aa2951bd2456","actor_username":"emre@forbrainacademy.com","actor_via_sso":false,"log_type":"token"}', '2025-07-26 04:53:15.385158+00', ''),
	('00000000-0000-0000-0000-000000000000', '204d5503-90e0-4910-bc42-b6fed6fed260', '{"action":"token_revoked","actor_id":"58b202a5-700c-45e3-8727-aa2951bd2456","actor_username":"emre@forbrainacademy.com","actor_via_sso":false,"log_type":"token"}', '2025-07-26 04:53:15.385965+00', ''),
	('00000000-0000-0000-0000-000000000000', '3bfc3cae-4613-4ce9-8e85-63e2010669ce', '{"action":"token_refreshed","actor_id":"58b202a5-700c-45e3-8727-aa2951bd2456","actor_username":"emre@forbrainacademy.com","actor_via_sso":false,"log_type":"token"}', '2025-07-26 05:52:42.617354+00', ''),
	('00000000-0000-0000-0000-000000000000', '2661990a-794c-46c9-8a5c-4d406d856b71', '{"action":"token_revoked","actor_id":"58b202a5-700c-45e3-8727-aa2951bd2456","actor_username":"emre@forbrainacademy.com","actor_via_sso":false,"log_type":"token"}', '2025-07-26 05:52:42.618431+00', ''),
	('00000000-0000-0000-0000-000000000000', '523d1214-ee89-40b6-ab83-e35b2fba3dfe', '{"action":"token_refreshed","actor_id":"58b202a5-700c-45e3-8727-aa2951bd2456","actor_username":"emre@forbrainacademy.com","actor_via_sso":false,"log_type":"token"}', '2025-07-26 16:03:34.289519+00', ''),
	('00000000-0000-0000-0000-000000000000', '2ec9ad10-724c-4464-bf1f-5241e2a6d7b7', '{"action":"token_revoked","actor_id":"58b202a5-700c-45e3-8727-aa2951bd2456","actor_username":"emre@forbrainacademy.com","actor_via_sso":false,"log_type":"token"}', '2025-07-26 16:03:34.301419+00', ''),
	('00000000-0000-0000-0000-000000000000', 'a9a6b0bc-d96c-4331-bf6d-3153d8504cf3', '{"action":"token_refreshed","actor_id":"58b202a5-700c-45e3-8727-aa2951bd2456","actor_username":"emre@forbrainacademy.com","actor_via_sso":false,"log_type":"token"}', '2025-07-26 16:03:40.40662+00', ''),
	('00000000-0000-0000-0000-000000000000', '6991fceb-118e-4324-b24f-3c33cdb45dae', '{"action":"token_revoked","actor_id":"58b202a5-700c-45e3-8727-aa2951bd2456","actor_username":"emre@forbrainacademy.com","actor_via_sso":false,"log_type":"token"}', '2025-07-26 16:03:40.407237+00', ''),
	('00000000-0000-0000-0000-000000000000', 'afef7ef2-4cb7-4b09-ac89-9f175e9faa74', '{"action":"token_refreshed","actor_id":"58b202a5-700c-45e3-8727-aa2951bd2456","actor_username":"emre@forbrainacademy.com","actor_via_sso":false,"log_type":"token"}', '2025-07-26 16:04:18.2545+00', ''),
	('00000000-0000-0000-0000-000000000000', 'ce72806d-f24d-4beb-8415-644ce23bc8f5', '{"action":"token_revoked","actor_id":"58b202a5-700c-45e3-8727-aa2951bd2456","actor_username":"emre@forbrainacademy.com","actor_via_sso":false,"log_type":"token"}', '2025-07-26 16:04:18.255066+00', ''),
	('00000000-0000-0000-0000-000000000000', '7076e37e-04e2-420f-94c2-5d3f9008345d', '{"action":"token_refreshed","actor_id":"58b202a5-700c-45e3-8727-aa2951bd2456","actor_username":"emre@forbrainacademy.com","actor_via_sso":false,"log_type":"token"}', '2025-07-26 16:04:23.800659+00', ''),
	('00000000-0000-0000-0000-000000000000', '745f15a6-f73d-4c62-be1e-2f854cd68cce', '{"action":"token_revoked","actor_id":"58b202a5-700c-45e3-8727-aa2951bd2456","actor_username":"emre@forbrainacademy.com","actor_via_sso":false,"log_type":"token"}', '2025-07-26 16:04:23.801292+00', ''),
	('00000000-0000-0000-0000-000000000000', 'b1f1064e-5b8f-4d08-b18a-36cf0a443372', '{"action":"token_refreshed","actor_id":"58b202a5-700c-45e3-8727-aa2951bd2456","actor_username":"emre@forbrainacademy.com","actor_via_sso":false,"log_type":"token"}', '2025-07-26 19:37:24.596218+00', ''),
	('00000000-0000-0000-0000-000000000000', '0a484b55-3d1f-4af7-a484-64ebe854396d', '{"action":"token_revoked","actor_id":"58b202a5-700c-45e3-8727-aa2951bd2456","actor_username":"emre@forbrainacademy.com","actor_via_sso":false,"log_type":"token"}', '2025-07-26 19:37:24.598478+00', ''),
	('00000000-0000-0000-0000-000000000000', '5252d18c-d17a-4604-b347-1dd71f10560e', '{"action":"token_refreshed","actor_id":"58b202a5-700c-45e3-8727-aa2951bd2456","actor_username":"emre@forbrainacademy.com","actor_via_sso":false,"log_type":"token"}', '2025-07-27 03:34:49.978273+00', ''),
	('00000000-0000-0000-0000-000000000000', '4a8aa9c1-8362-4d05-8be8-83b0549df837', '{"action":"token_revoked","actor_id":"58b202a5-700c-45e3-8727-aa2951bd2456","actor_username":"emre@forbrainacademy.com","actor_via_sso":false,"log_type":"token"}', '2025-07-27 03:34:49.991982+00', ''),
	('00000000-0000-0000-0000-000000000000', '0c1870ff-d2fe-46e2-8734-9e578363c2dd', '{"action":"token_refreshed","actor_id":"58b202a5-700c-45e3-8727-aa2951bd2456","actor_username":"emre@forbrainacademy.com","actor_via_sso":false,"log_type":"token"}', '2025-07-27 03:39:09.42528+00', ''),
	('00000000-0000-0000-0000-000000000000', '45b1c752-e18d-4bdd-9fc7-21e2a021de53', '{"action":"token_revoked","actor_id":"58b202a5-700c-45e3-8727-aa2951bd2456","actor_username":"emre@forbrainacademy.com","actor_via_sso":false,"log_type":"token"}', '2025-07-27 03:39:09.427268+00', ''),
	('00000000-0000-0000-0000-000000000000', '7d967ac0-7fb6-4841-8dfa-fe76accbf4df', '{"action":"token_refreshed","actor_id":"58b202a5-700c-45e3-8727-aa2951bd2456","actor_username":"emre@forbrainacademy.com","actor_via_sso":false,"log_type":"token"}', '2025-07-27 03:40:16.302712+00', ''),
	('00000000-0000-0000-0000-000000000000', '021dbf9e-4b0a-4daf-a1e8-768fb5709d20', '{"action":"token_revoked","actor_id":"58b202a5-700c-45e3-8727-aa2951bd2456","actor_username":"emre@forbrainacademy.com","actor_via_sso":false,"log_type":"token"}', '2025-07-27 03:40:16.303476+00', ''),
	('00000000-0000-0000-0000-000000000000', 'fdd8319c-dccd-406d-9757-94f4d7a69f7e', '{"action":"logout","actor_id":"58b202a5-700c-45e3-8727-aa2951bd2456","actor_username":"emre@forbrainacademy.com","actor_via_sso":false,"log_type":"account"}', '2025-07-27 04:29:03.143634+00', ''),
	('00000000-0000-0000-0000-000000000000', '1dbafb1d-3a85-45bd-95eb-3b511c32f934', '{"action":"login","actor_id":"58b202a5-700c-45e3-8727-aa2951bd2456","actor_username":"emre@forbrainacademy.com","actor_via_sso":false,"log_type":"account","traits":{"provider":"email"}}', '2025-07-27 04:36:53.394395+00', ''),
	('00000000-0000-0000-0000-000000000000', '76dd856f-d985-4ee1-a2a8-73dd8be8491f', '{"action":"login","actor_id":"58b202a5-700c-45e3-8727-aa2951bd2456","actor_username":"emre@forbrainacademy.com","actor_via_sso":false,"log_type":"account","traits":{"provider":"email"}}', '2025-07-27 12:34:08.542166+00', ''),
	('00000000-0000-0000-0000-000000000000', '919cf743-8e31-42c5-88fe-606a9549d3ce', '{"action":"token_refreshed","actor_id":"58b202a5-700c-45e3-8727-aa2951bd2456","actor_username":"emre@forbrainacademy.com","actor_via_sso":false,"log_type":"token"}', '2025-07-27 13:55:37.985952+00', ''),
	('00000000-0000-0000-0000-000000000000', '5ffcd04e-d43b-4491-a817-c2cfff1256c1', '{"action":"token_revoked","actor_id":"58b202a5-700c-45e3-8727-aa2951bd2456","actor_username":"emre@forbrainacademy.com","actor_via_sso":false,"log_type":"token"}', '2025-07-27 13:55:37.990269+00', ''),
	('00000000-0000-0000-0000-000000000000', 'e57bff98-84cb-46f2-b4c4-d99169675a01', '{"action":"token_refreshed","actor_id":"58b202a5-700c-45e3-8727-aa2951bd2456","actor_username":"emre@forbrainacademy.com","actor_via_sso":false,"log_type":"token"}', '2025-07-27 13:55:43.619303+00', ''),
	('00000000-0000-0000-0000-000000000000', 'e6bf4ed2-9acf-416e-aa99-734c7c1e955e', '{"action":"token_revoked","actor_id":"58b202a5-700c-45e3-8727-aa2951bd2456","actor_username":"emre@forbrainacademy.com","actor_via_sso":false,"log_type":"token"}', '2025-07-27 13:55:43.619897+00', ''),
	('00000000-0000-0000-0000-000000000000', '634149d8-0ef5-4991-95f8-2ee5dbc4f9aa', '{"action":"token_refreshed","actor_id":"58b202a5-700c-45e3-8727-aa2951bd2456","actor_username":"emre@forbrainacademy.com","actor_via_sso":false,"log_type":"token"}', '2025-07-27 15:26:27.349044+00', ''),
	('00000000-0000-0000-0000-000000000000', 'bbc9858a-91e8-4d4c-aa74-7d94cf6ad078', '{"action":"token_revoked","actor_id":"58b202a5-700c-45e3-8727-aa2951bd2456","actor_username":"emre@forbrainacademy.com","actor_via_sso":false,"log_type":"token"}', '2025-07-27 15:26:27.35342+00', ''),
	('00000000-0000-0000-0000-000000000000', '319582e0-21ad-4e2b-bf3d-e560c28be03b', '{"action":"token_refreshed","actor_id":"58b202a5-700c-45e3-8727-aa2951bd2456","actor_username":"emre@forbrainacademy.com","actor_via_sso":false,"log_type":"token"}', '2025-07-27 15:29:26.658545+00', ''),
	('00000000-0000-0000-0000-000000000000', 'aac15cee-88d2-4db0-ac15-ee89ad52f202', '{"action":"token_revoked","actor_id":"58b202a5-700c-45e3-8727-aa2951bd2456","actor_username":"emre@forbrainacademy.com","actor_via_sso":false,"log_type":"token"}', '2025-07-27 15:29:26.661439+00', ''),
	('00000000-0000-0000-0000-000000000000', '875b8117-29e5-4a55-92c1-ad60f5d97902', '{"action":"login","actor_id":"58b202a5-700c-45e3-8727-aa2951bd2456","actor_username":"emre@forbrainacademy.com","actor_via_sso":false,"log_type":"account","traits":{"provider":"email"}}', '2025-07-27 15:36:42.320527+00', ''),
	('00000000-0000-0000-0000-000000000000', 'e1b3eab4-e4df-4783-b9ec-7c35f92da52c', '{"action":"login","actor_id":"58b202a5-700c-45e3-8727-aa2951bd2456","actor_username":"emre@forbrainacademy.com","actor_via_sso":false,"log_type":"account","traits":{"provider":"email"}}', '2025-07-27 15:37:06.885568+00', ''),
	('00000000-0000-0000-0000-000000000000', 'e9361f2c-d900-42ca-8b0a-d3fe3916b1ee', '{"action":"login","actor_id":"58b202a5-700c-45e3-8727-aa2951bd2456","actor_username":"emre@forbrainacademy.com","actor_via_sso":false,"log_type":"account","traits":{"provider":"email"}}', '2025-07-27 15:37:11.910728+00', ''),
	('00000000-0000-0000-0000-000000000000', 'cc7d3e8f-5254-4485-92a4-8ff3e53746c5', '{"action":"user_signedup","actor_id":"0d7e7b67-d362-4500-a9c2-c7952aa95fe7","actor_username":"evren@forbrainacademy.com","actor_via_sso":false,"log_type":"team","traits":{"provider":"email"}}', '2025-07-27 15:43:54.642467+00', ''),
	('00000000-0000-0000-0000-000000000000', 'ed18ed76-5e23-4c12-aeb8-6b369e126696', '{"action":"login","actor_id":"0d7e7b67-d362-4500-a9c2-c7952aa95fe7","actor_username":"evren@forbrainacademy.com","actor_via_sso":false,"log_type":"account","traits":{"provider":"email"}}', '2025-07-27 15:43:54.649104+00', ''),
	('00000000-0000-0000-0000-000000000000', '9ced0dab-91b2-488b-8a50-d4034839db40', '{"action":"logout","actor_id":"0d7e7b67-d362-4500-a9c2-c7952aa95fe7","actor_username":"evren@forbrainacademy.com","actor_via_sso":false,"log_type":"account"}', '2025-07-27 15:47:37.027072+00', ''),
	('00000000-0000-0000-0000-000000000000', '3445724b-134d-4e9a-96ff-e9432930b889', '{"action":"login","actor_id":"58b202a5-700c-45e3-8727-aa2951bd2456","actor_username":"emre@forbrainacademy.com","actor_via_sso":false,"log_type":"account","traits":{"provider":"email"}}', '2025-07-27 15:47:40.711113+00', ''),
	('00000000-0000-0000-0000-000000000000', '8b5eef9e-1359-425f-9d63-713f34bc7cef', '{"action":"user_signedup","actor_id":"0f8b1212-4e53-4f0d-a6e7-cdd4a987ca7a","actor_username":"evren2@forbrainacademy.com","actor_via_sso":false,"log_type":"team","traits":{"provider":"email"}}', '2025-07-27 15:48:29.971123+00', ''),
	('00000000-0000-0000-0000-000000000000', '4e33f65c-7c60-4def-b8cf-b647da15f47c', '{"action":"login","actor_id":"0f8b1212-4e53-4f0d-a6e7-cdd4a987ca7a","actor_username":"evren2@forbrainacademy.com","actor_via_sso":false,"log_type":"account","traits":{"provider":"email"}}', '2025-07-27 15:48:29.975982+00', ''),
	('00000000-0000-0000-0000-000000000000', '11c7a99c-3949-4322-a186-c4ecaccb42f7', '{"action":"logout","actor_id":"0f8b1212-4e53-4f0d-a6e7-cdd4a987ca7a","actor_username":"evren2@forbrainacademy.com","actor_via_sso":false,"log_type":"account"}', '2025-07-27 15:52:00.835235+00', ''),
	('00000000-0000-0000-0000-000000000000', 'f6e88594-53e2-4a4d-a2cf-bfecd31aa7e6', '{"action":"login","actor_id":"58b202a5-700c-45e3-8727-aa2951bd2456","actor_username":"emre@forbrainacademy.com","actor_via_sso":false,"log_type":"account","traits":{"provider":"email"}}', '2025-07-27 15:52:03.896755+00', ''),
	('00000000-0000-0000-0000-000000000000', 'de8c68f2-700b-413f-bf79-2d53f793b4ca', '{"action":"user_signedup","actor_id":"72ed9f26-9dca-49da-9e5c-2d738664941f","actor_username":"devran@forbrainacademy.com","actor_via_sso":false,"log_type":"team","traits":{"provider":"email"}}', '2025-07-27 15:53:07.934156+00', ''),
	('00000000-0000-0000-0000-000000000000', '12c53ed7-20a8-4029-b695-d847495a5e1d', '{"action":"login","actor_id":"72ed9f26-9dca-49da-9e5c-2d738664941f","actor_username":"devran@forbrainacademy.com","actor_via_sso":false,"log_type":"account","traits":{"provider":"email"}}', '2025-07-27 15:53:07.938033+00', ''),
	('00000000-0000-0000-0000-000000000000', '7dc556c4-79a4-4604-8672-68a54009d7b1', '{"action":"logout","actor_id":"72ed9f26-9dca-49da-9e5c-2d738664941f","actor_username":"devran@forbrainacademy.com","actor_via_sso":false,"log_type":"account"}', '2025-07-27 15:54:13.210338+00', ''),
	('00000000-0000-0000-0000-000000000000', '1fcecf26-aa0b-4d9d-a6a9-9a042614f164', '{"action":"login","actor_id":"58b202a5-700c-45e3-8727-aa2951bd2456","actor_username":"emre@forbrainacademy.com","actor_via_sso":false,"log_type":"account","traits":{"provider":"email"}}', '2025-07-27 15:54:17.001744+00', ''),
	('00000000-0000-0000-0000-000000000000', '7ca899ae-5732-4de0-8cbd-7cac476541a2', '{"action":"user_repeated_signup","actor_id":"0d7e7b67-d362-4500-a9c2-c7952aa95fe7","actor_username":"evren@forbrainacademy.com","actor_via_sso":false,"log_type":"user","traits":{"provider":"email"}}', '2025-07-27 15:56:37.959368+00', ''),
	('00000000-0000-0000-0000-000000000000', '9ef0903e-8ca7-4d57-b4a6-9b64e36dafb5', '{"action":"user_repeated_signup","actor_id":"0d7e7b67-d362-4500-a9c2-c7952aa95fe7","actor_username":"evren@forbrainacademy.com","actor_via_sso":false,"log_type":"user","traits":{"provider":"email"}}', '2025-07-27 15:56:55.949257+00', ''),
	('00000000-0000-0000-0000-000000000000', '269f1cc3-abdb-4698-b522-ce7673403794', '{"action":"user_repeated_signup","actor_id":"0f8b1212-4e53-4f0d-a6e7-cdd4a987ca7a","actor_username":"evren2@forbrainacademy.com","actor_via_sso":false,"log_type":"user","traits":{"provider":"email"}}', '2025-07-27 15:57:05.005973+00', ''),
	('00000000-0000-0000-0000-000000000000', '5627357d-22bf-465b-b670-e8bec39d84bd', '{"action":"user_signedup","actor_id":"8f910c66-f734-44c2-a3f5-3952d390abef","actor_username":"evren3@forbrainacademy.com","actor_via_sso":false,"log_type":"team","traits":{"provider":"email"}}', '2025-07-27 15:57:11.290516+00', ''),
	('00000000-0000-0000-0000-000000000000', '07287dfc-de8f-4924-a042-cf9be532e929', '{"action":"login","actor_id":"8f910c66-f734-44c2-a3f5-3952d390abef","actor_username":"evren3@forbrainacademy.com","actor_via_sso":false,"log_type":"account","traits":{"provider":"email"}}', '2025-07-27 15:57:11.295954+00', ''),
	('00000000-0000-0000-0000-000000000000', '89b428f0-b942-4c60-b04d-24650910023a', '{"action":"logout","actor_id":"8f910c66-f734-44c2-a3f5-3952d390abef","actor_username":"evren3@forbrainacademy.com","actor_via_sso":false,"log_type":"account"}', '2025-07-27 15:59:07.638537+00', ''),
	('00000000-0000-0000-0000-000000000000', '0cd04e84-2e71-4c06-9345-648d140bc654', '{"action":"login","actor_id":"58b202a5-700c-45e3-8727-aa2951bd2456","actor_username":"emre@forbrainacademy.com","actor_via_sso":false,"log_type":"account","traits":{"provider":"email"}}', '2025-07-27 15:59:11.327268+00', ''),
	('00000000-0000-0000-0000-000000000000', '1e7ed0c4-6d09-4735-a752-c91ff10783bd', '{"action":"user_signedup","actor_id":"5cadbb9c-3267-4cbe-ba68-1f4c56ca74a7","actor_username":"devran2@forbrainacademy.com","actor_via_sso":false,"log_type":"team","traits":{"provider":"email"}}', '2025-07-27 15:59:36.969186+00', ''),
	('00000000-0000-0000-0000-000000000000', 'ab000762-1950-49ff-81a8-32ed2afb4976', '{"action":"login","actor_id":"5cadbb9c-3267-4cbe-ba68-1f4c56ca74a7","actor_username":"devran2@forbrainacademy.com","actor_via_sso":false,"log_type":"account","traits":{"provider":"email"}}', '2025-07-27 15:59:36.972776+00', ''),
	('00000000-0000-0000-0000-000000000000', '9d867c36-5c55-4de9-bcfc-1de899136981', '{"action":"logout","actor_id":"5cadbb9c-3267-4cbe-ba68-1f4c56ca74a7","actor_username":"devran2@forbrainacademy.com","actor_via_sso":false,"log_type":"account"}', '2025-07-27 16:01:00.216681+00', ''),
	('00000000-0000-0000-0000-000000000000', '5c587b8b-c66d-4a20-91a8-3c092abc7608', '{"action":"login","actor_id":"58b202a5-700c-45e3-8727-aa2951bd2456","actor_username":"emre@forbrainacademy.com","actor_via_sso":false,"log_type":"account","traits":{"provider":"email"}}', '2025-07-27 16:01:04.470165+00', ''),
	('00000000-0000-0000-0000-000000000000', 'fb95cd27-f1dc-42f3-a4a4-6071a7b3ade0', '{"action":"user_signedup","actor_id":"b4a45887-4a5d-4fa9-97d9-1134753a21e5","actor_username":"devren@forbrainacademy.com","actor_via_sso":false,"log_type":"team","traits":{"provider":"email"}}', '2025-07-27 16:01:24.289775+00', ''),
	('00000000-0000-0000-0000-000000000000', '9404adfc-7d97-4eb8-b6e9-57802b0110f2', '{"action":"login","actor_id":"b4a45887-4a5d-4fa9-97d9-1134753a21e5","actor_username":"devren@forbrainacademy.com","actor_via_sso":false,"log_type":"account","traits":{"provider":"email"}}', '2025-07-27 16:01:24.294723+00', ''),
	('00000000-0000-0000-0000-000000000000', 'aa22d4f5-a26d-4723-950b-385370e31e22', '{"action":"logout","actor_id":"b4a45887-4a5d-4fa9-97d9-1134753a21e5","actor_username":"devren@forbrainacademy.com","actor_via_sso":false,"log_type":"account"}', '2025-07-27 16:16:47.411605+00', ''),
	('00000000-0000-0000-0000-000000000000', '1c077a30-890f-4c32-9d01-119e7f6a88c5', '{"action":"login","actor_id":"58b202a5-700c-45e3-8727-aa2951bd2456","actor_username":"emre@forbrainacademy.com","actor_via_sso":false,"log_type":"account","traits":{"provider":"email"}}', '2025-07-27 16:16:53.234245+00', ''),
	('00000000-0000-0000-0000-000000000000', '865a87bf-0636-416d-9f16-b9f2286635cc', '{"action":"user_signedup","actor_id":"25e55d26-9341-4cee-bb46-9489e529f261","actor_username":"evrennn2@forbrainacademy.com","actor_via_sso":false,"log_type":"team","traits":{"provider":"email"}}', '2025-07-27 16:18:38.920075+00', ''),
	('00000000-0000-0000-0000-000000000000', 'c2d70d37-16e1-4a1a-96d4-babf9a702a67', '{"action":"login","actor_id":"25e55d26-9341-4cee-bb46-9489e529f261","actor_username":"evrennn2@forbrainacademy.com","actor_via_sso":false,"log_type":"account","traits":{"provider":"email"}}', '2025-07-27 16:18:38.925188+00', ''),
	('00000000-0000-0000-0000-000000000000', '0f87934f-88bc-49b8-8245-35aa4fe56279', '{"action":"user_deleted","actor_id":"00000000-0000-0000-0000-000000000000","actor_username":"service_role","actor_via_sso":false,"log_type":"team","traits":{"user_email":"devren@forbrainacademy.com","user_id":"b4a45887-4a5d-4fa9-97d9-1134753a21e5","user_phone":""}}', '2025-07-27 16:31:15.051633+00', ''),
	('00000000-0000-0000-0000-000000000000', 'fab476cf-a853-4898-96c3-78f7d1d2a1e4', '{"action":"user_deleted","actor_id":"00000000-0000-0000-0000-000000000000","actor_username":"service_role","actor_via_sso":false,"log_type":"team","traits":{"user_email":"devran@forbrainacademy.com","user_id":"72ed9f26-9dca-49da-9e5c-2d738664941f","user_phone":""}}', '2025-07-27 16:31:15.137226+00', ''),
	('00000000-0000-0000-0000-000000000000', 'd70d5216-7dbc-4488-b614-949df6037897', '{"action":"user_deleted","actor_id":"00000000-0000-0000-0000-000000000000","actor_username":"service_role","actor_via_sso":false,"log_type":"team","traits":{"user_email":"devran2@forbrainacademy.com","user_id":"5cadbb9c-3267-4cbe-ba68-1f4c56ca74a7","user_phone":""}}', '2025-07-27 16:31:15.17434+00', ''),
	('00000000-0000-0000-0000-000000000000', '76d7ac1e-ab50-408c-aa3a-0e09d2fc71d2', '{"action":"user_deleted","actor_id":"00000000-0000-0000-0000-000000000000","actor_username":"service_role","actor_via_sso":false,"log_type":"team","traits":{"user_email":"evren2@forbrainacademy.com","user_id":"0f8b1212-4e53-4f0d-a6e7-cdd4a987ca7a","user_phone":""}}', '2025-07-27 16:31:15.310081+00', ''),
	('00000000-0000-0000-0000-000000000000', 'ffd61161-71f6-4493-a94f-c202a083433b', '{"action":"user_deleted","actor_id":"00000000-0000-0000-0000-000000000000","actor_username":"service_role","actor_via_sso":false,"log_type":"team","traits":{"user_email":"evren3@forbrainacademy.com","user_id":"8f910c66-f734-44c2-a3f5-3952d390abef","user_phone":""}}', '2025-07-27 16:31:15.368438+00', ''),
	('00000000-0000-0000-0000-000000000000', '5fc8517f-c69d-439d-93b6-28a9e23aa9c1', '{"action":"user_deleted","actor_id":"00000000-0000-0000-0000-000000000000","actor_username":"service_role","actor_via_sso":false,"log_type":"team","traits":{"user_email":"evren@forbrainacademy.com","user_id":"0d7e7b67-d362-4500-a9c2-c7952aa95fe7","user_phone":""}}', '2025-07-27 16:31:18.407276+00', ''),
	('00000000-0000-0000-0000-000000000000', '1491141e-33f5-49f6-ae7b-91b219e690cf', '{"action":"user_deleted","actor_id":"00000000-0000-0000-0000-000000000000","actor_username":"service_role","actor_via_sso":false,"log_type":"team","traits":{"user_email":"evrennn2@forbrainacademy.com","user_id":"25e55d26-9341-4cee-bb46-9489e529f261","user_phone":""}}', '2025-07-27 16:31:18.460687+00', ''),
	('00000000-0000-0000-0000-000000000000', '8d0abaa3-40f7-499d-b57b-df0aaac3a582', '{"action":"login","actor_id":"58b202a5-700c-45e3-8727-aa2951bd2456","actor_username":"emre@forbrainacademy.com","actor_via_sso":false,"log_type":"account","traits":{"provider":"email"}}', '2025-07-27 16:47:47.532894+00', ''),
	('00000000-0000-0000-0000-000000000000', 'e929e458-839d-49a2-a761-70caf01a759c', '{"action":"token_refreshed","actor_id":"58b202a5-700c-45e3-8727-aa2951bd2456","actor_username":"emre@forbrainacademy.com","actor_via_sso":false,"log_type":"token"}', '2025-07-27 17:48:45.976635+00', ''),
	('00000000-0000-0000-0000-000000000000', '17032b15-7339-4e59-93d8-a6b888c173dd', '{"action":"token_revoked","actor_id":"58b202a5-700c-45e3-8727-aa2951bd2456","actor_username":"emre@forbrainacademy.com","actor_via_sso":false,"log_type":"token"}', '2025-07-27 17:48:45.979249+00', ''),
	('00000000-0000-0000-0000-000000000000', '87386c9b-150c-44be-a1f2-3540bd4b9dff', '{"action":"token_refreshed","actor_id":"8ba6a504-c170-406a-baa3-1403c39cf85e","actor_username":"test@forbrainacademy.com","actor_via_sso":false,"log_type":"token"}', '2025-07-27 18:00:03.259838+00', ''),
	('00000000-0000-0000-0000-000000000000', '2ef0eb4b-c7f1-4c78-a348-dd2551658b03', '{"action":"token_revoked","actor_id":"8ba6a504-c170-406a-baa3-1403c39cf85e","actor_username":"test@forbrainacademy.com","actor_via_sso":false,"log_type":"token"}', '2025-07-27 18:00:03.261934+00', ''),
	('00000000-0000-0000-0000-000000000000', '7ae95536-fa6b-44ff-9216-d6533cd29aa4', '{"action":"logout","actor_id":"58b202a5-700c-45e3-8727-aa2951bd2456","actor_username":"emre@forbrainacademy.com","actor_via_sso":false,"log_type":"account"}', '2025-07-27 18:24:35.61242+00', ''),
	('00000000-0000-0000-0000-000000000000', '084f86a3-2131-4974-af7a-c629f834c002', '{"action":"login","actor_id":"58b202a5-700c-45e3-8727-aa2951bd2456","actor_username":"emre@forbrainacademy.com","actor_via_sso":false,"log_type":"account","traits":{"provider":"email"}}', '2025-07-27 18:24:37.366286+00', ''),
	('00000000-0000-0000-0000-000000000000', '0ffe74d7-2bd3-420a-985d-a21bd1362c8b', '{"action":"login","actor_id":"58b202a5-700c-45e3-8727-aa2951bd2456","actor_username":"emre@forbrainacademy.com","actor_via_sso":false,"log_type":"account","traits":{"provider":"email"}}', '2025-07-27 18:29:29.485529+00', ''),
	('00000000-0000-0000-0000-000000000000', '5187eb54-a9ec-41b9-bcc7-a370ff0c749b', '{"action":"user_signedup","actor_id":"e82abbf9-2c08-4d04-86b4-76af0865e463","actor_username":"evren@evren.com","actor_via_sso":false,"log_type":"team","traits":{"provider":"email"}}', '2025-07-27 18:51:12.344435+00', ''),
	('00000000-0000-0000-0000-000000000000', '6c2fcf58-394e-4234-b114-fb683675c965', '{"action":"login","actor_id":"e82abbf9-2c08-4d04-86b4-76af0865e463","actor_username":"evren@evren.com","actor_via_sso":false,"log_type":"account","traits":{"provider":"email"}}', '2025-07-27 18:51:12.352934+00', ''),
	('00000000-0000-0000-0000-000000000000', 'bc59d02c-c842-4058-953b-dbad12bfe2f1', '{"action":"logout","actor_id":"e82abbf9-2c08-4d04-86b4-76af0865e463","actor_username":"evren@evren.com","actor_via_sso":false,"log_type":"account"}', '2025-07-27 18:57:48.070385+00', ''),
	('00000000-0000-0000-0000-000000000000', '3ce13935-085e-45b3-90cf-680a1f25124e', '{"action":"login","actor_id":"58b202a5-700c-45e3-8727-aa2951bd2456","actor_username":"emre@forbrainacademy.com","actor_via_sso":false,"log_type":"account","traits":{"provider":"email"}}', '2025-07-27 18:57:59.450581+00', ''),
	('00000000-0000-0000-0000-000000000000', '3ed353a8-bc1c-47f5-aca9-616fc6f2e32a', '{"action":"user_signedup","actor_id":"66f6560d-3dc8-43fe-8d9e-9d6a810f7a3e","actor_username":"ogrenci@email.com","actor_via_sso":false,"log_type":"team","traits":{"provider":"email"}}', '2025-07-27 18:58:35.13692+00', ''),
	('00000000-0000-0000-0000-000000000000', '7e1d6574-7694-4936-b309-8fc5411b4bc7', '{"action":"login","actor_id":"66f6560d-3dc8-43fe-8d9e-9d6a810f7a3e","actor_username":"ogrenci@email.com","actor_via_sso":false,"log_type":"account","traits":{"provider":"email"}}', '2025-07-27 18:58:35.140651+00', ''),
	('00000000-0000-0000-0000-000000000000', '025bbb62-7d27-4aa4-b9d8-db3bdc4bb8f7', '{"action":"token_refreshed","actor_id":"66f6560d-3dc8-43fe-8d9e-9d6a810f7a3e","actor_username":"ogrenci@email.com","actor_via_sso":false,"log_type":"token"}', '2025-07-28 00:07:24.21441+00', ''),
	('00000000-0000-0000-0000-000000000000', '602ffbe2-e244-47b9-994d-85fb6a2214ce', '{"action":"token_revoked","actor_id":"66f6560d-3dc8-43fe-8d9e-9d6a810f7a3e","actor_username":"ogrenci@email.com","actor_via_sso":false,"log_type":"token"}', '2025-07-28 00:07:24.217844+00', ''),
	('00000000-0000-0000-0000-000000000000', 'c222849a-2a0e-41aa-8f7c-bc388af45e95', '{"action":"logout","actor_id":"66f6560d-3dc8-43fe-8d9e-9d6a810f7a3e","actor_username":"ogrenci@email.com","actor_via_sso":false,"log_type":"account"}', '2025-07-28 00:07:27.58201+00', ''),
	('00000000-0000-0000-0000-000000000000', '3b0230d9-a973-48c5-92ce-9f3dd29eff08', '{"action":"login","actor_id":"58b202a5-700c-45e3-8727-aa2951bd2456","actor_username":"emre@forbrainacademy.com","actor_via_sso":false,"log_type":"account","traits":{"provider":"email"}}', '2025-07-28 00:07:39.667406+00', ''),
	('00000000-0000-0000-0000-000000000000', '7b2c77f1-a12f-4280-b829-71a3f40d4382', '{"action":"user_repeated_signup","actor_id":"e82abbf9-2c08-4d04-86b4-76af0865e463","actor_username":"evren@evren.com","actor_via_sso":false,"log_type":"user","traits":{"provider":"email"}}', '2025-07-28 00:07:57.10474+00', ''),
	('00000000-0000-0000-0000-000000000000', '021aaa0d-cadb-4ae6-99b5-b82647ff6a0b', '{"action":"user_signedup","actor_id":"04ca6b13-bcbe-48ff-936c-11c16e36660e","actor_username":"evren2@evren.com","actor_via_sso":false,"log_type":"team","traits":{"provider":"email"}}', '2025-07-28 00:08:02.563646+00', ''),
	('00000000-0000-0000-0000-000000000000', 'e654ac47-97d9-4d72-982c-8ffc123b8925', '{"action":"login","actor_id":"04ca6b13-bcbe-48ff-936c-11c16e36660e","actor_username":"evren2@evren.com","actor_via_sso":false,"log_type":"account","traits":{"provider":"email"}}', '2025-07-28 00:08:02.571484+00', ''),
	('00000000-0000-0000-0000-000000000000', '04ed3170-7d5f-4690-85a4-a390f13259e1', '{"action":"logout","actor_id":"04ca6b13-bcbe-48ff-936c-11c16e36660e","actor_username":"evren2@evren.com","actor_via_sso":false,"log_type":"account"}', '2025-07-28 00:10:24.760371+00', ''),
	('00000000-0000-0000-0000-000000000000', 'f7e00e7f-0ee9-42ed-8d4e-831e65bd2563', '{"action":"login","actor_id":"58b202a5-700c-45e3-8727-aa2951bd2456","actor_username":"emre@forbrainacademy.com","actor_via_sso":false,"log_type":"account","traits":{"provider":"email"}}', '2025-07-28 00:10:37.338099+00', ''),
	('00000000-0000-0000-0000-000000000000', '74063022-fd39-43f1-aa26-1e8d60176737', '{"action":"user_signedup","actor_id":"8a5f752a-e5c4-4433-81b1-089a95fa32fb","actor_username":"devran@devran.com","actor_via_sso":false,"log_type":"team","traits":{"provider":"email"}}', '2025-07-28 00:11:07.594054+00', ''),
	('00000000-0000-0000-0000-000000000000', '5bbf5b03-35c1-46d5-a0d8-6bd015160b7c', '{"action":"login","actor_id":"8a5f752a-e5c4-4433-81b1-089a95fa32fb","actor_username":"devran@devran.com","actor_via_sso":false,"log_type":"account","traits":{"provider":"email"}}', '2025-07-28 00:11:07.59823+00', ''),
	('00000000-0000-0000-0000-000000000000', '00dad7c5-e751-4be9-aea3-e40cfe501ff2', '{"action":"logout","actor_id":"8a5f752a-e5c4-4433-81b1-089a95fa32fb","actor_username":"devran@devran.com","actor_via_sso":false,"log_type":"account"}', '2025-07-28 00:12:30.099027+00', ''),
	('00000000-0000-0000-0000-000000000000', '4cb1baee-0a37-412d-bb7b-22a5922fa1a0', '{"action":"login","actor_id":"58b202a5-700c-45e3-8727-aa2951bd2456","actor_username":"emre@forbrainacademy.com","actor_via_sso":false,"log_type":"account","traits":{"provider":"email"}}', '2025-07-28 00:12:42.633223+00', ''),
	('00000000-0000-0000-0000-000000000000', '98832fcb-208b-4427-88d3-e45436dcdfef', '{"action":"user_signedup","actor_id":"dc0c7ce2-8403-4f5b-8a47-2257eee06a56","actor_username":"dev@dev.com","actor_via_sso":false,"log_type":"team","traits":{"provider":"email"}}', '2025-07-28 00:13:00.864606+00', ''),
	('00000000-0000-0000-0000-000000000000', '33359699-1d5d-4c01-9a89-24d3543ee2d8', '{"action":"login","actor_id":"dc0c7ce2-8403-4f5b-8a47-2257eee06a56","actor_username":"dev@dev.com","actor_via_sso":false,"log_type":"account","traits":{"provider":"email"}}', '2025-07-28 00:13:00.868177+00', ''),
	('00000000-0000-0000-0000-000000000000', '9d6b2638-5678-464f-9179-025c5d4c986c', '{"action":"logout","actor_id":"dc0c7ce2-8403-4f5b-8a47-2257eee06a56","actor_username":"dev@dev.com","actor_via_sso":false,"log_type":"account"}', '2025-07-28 00:17:34.776723+00', ''),
	('00000000-0000-0000-0000-000000000000', '22c753f0-62e3-488c-9fce-3977f0bc796b', '{"action":"login","actor_id":"58b202a5-700c-45e3-8727-aa2951bd2456","actor_username":"emre@forbrainacademy.com","actor_via_sso":false,"log_type":"account","traits":{"provider":"email"}}', '2025-07-28 00:17:47.508851+00', ''),
	('00000000-0000-0000-0000-000000000000', 'f1f5beaa-a291-4a1a-ba2d-63e6e7b08b46', '{"action":"user_signedup","actor_id":"da6f8568-91cd-4490-a94b-2978b0172ee5","actor_username":"de@de.com","actor_via_sso":false,"log_type":"team","traits":{"provider":"email"}}', '2025-07-28 00:18:04.818207+00', ''),
	('00000000-0000-0000-0000-000000000000', 'b763cf87-6108-4ede-8753-8dcc9ab47311', '{"action":"login","actor_id":"da6f8568-91cd-4490-a94b-2978b0172ee5","actor_username":"de@de.com","actor_via_sso":false,"log_type":"account","traits":{"provider":"email"}}', '2025-07-28 00:18:04.822833+00', ''),
	('00000000-0000-0000-0000-000000000000', '2a35c090-fda9-464f-972d-b46d9859c47d', '{"action":"logout","actor_id":"da6f8568-91cd-4490-a94b-2978b0172ee5","actor_username":"de@de.com","actor_via_sso":false,"log_type":"account"}', '2025-07-28 00:23:02.872778+00', ''),
	('00000000-0000-0000-0000-000000000000', '0d2e0c90-6d88-40aa-8e54-e1fef17cbded', '{"action":"login","actor_id":"58b202a5-700c-45e3-8727-aa2951bd2456","actor_username":"emre@forbrainacademy.com","actor_via_sso":false,"log_type":"account","traits":{"provider":"email"}}', '2025-07-28 00:23:13.998674+00', ''),
	('00000000-0000-0000-0000-000000000000', '09467dfe-eff8-4a42-89fc-91243d6b5658', '{"action":"user_signedup","actor_id":"955a3a2e-0ceb-4d08-bd06-151345e0a9fe","actor_username":"evredemirel@evren.com","actor_via_sso":false,"log_type":"team","traits":{"provider":"email"}}', '2025-07-28 00:24:03.063005+00', ''),
	('00000000-0000-0000-0000-000000000000', '36e8214e-b404-4447-afa4-9fe4cd18f294', '{"action":"login","actor_id":"955a3a2e-0ceb-4d08-bd06-151345e0a9fe","actor_username":"evredemirel@evren.com","actor_via_sso":false,"log_type":"account","traits":{"provider":"email"}}', '2025-07-28 00:24:03.067588+00', ''),
	('00000000-0000-0000-0000-000000000000', '2a614bfc-67a1-43f1-98a3-3ccf72f5cf51', '{"action":"user_deleted","actor_id":"00000000-0000-0000-0000-000000000000","actor_username":"service_role","actor_via_sso":false,"log_type":"team","traits":{"user_email":"de@de.com","user_id":"da6f8568-91cd-4490-a94b-2978b0172ee5","user_phone":""}}', '2025-07-28 00:25:12.252323+00', ''),
	('00000000-0000-0000-0000-000000000000', '7bff67dd-fbe7-4d7c-8064-4632514b4a42', '{"action":"user_deleted","actor_id":"00000000-0000-0000-0000-000000000000","actor_username":"service_role","actor_via_sso":false,"log_type":"team","traits":{"user_email":"ogrenci@email.com","user_id":"66f6560d-3dc8-43fe-8d9e-9d6a810f7a3e","user_phone":""}}', '2025-07-28 00:25:12.360257+00', ''),
	('00000000-0000-0000-0000-000000000000', 'ea74afc6-e8d4-498d-8b49-5cfe7d01061d', '{"action":"user_deleted","actor_id":"00000000-0000-0000-0000-000000000000","actor_username":"service_role","actor_via_sso":false,"log_type":"team","traits":{"user_email":"evren@evren.com","user_id":"e82abbf9-2c08-4d04-86b4-76af0865e463","user_phone":""}}', '2025-07-28 00:25:12.366946+00', ''),
	('00000000-0000-0000-0000-000000000000', 'd3e43572-0ea2-49cc-92fc-5a20cf123f9c', '{"action":"user_deleted","actor_id":"00000000-0000-0000-0000-000000000000","actor_username":"service_role","actor_via_sso":false,"log_type":"team","traits":{"user_email":"dev@dev.com","user_id":"dc0c7ce2-8403-4f5b-8a47-2257eee06a56","user_phone":""}}', '2025-07-28 00:25:12.446185+00', ''),
	('00000000-0000-0000-0000-000000000000', 'bb832049-812b-4b0d-8f42-e017c4f7ef69', '{"action":"user_deleted","actor_id":"00000000-0000-0000-0000-000000000000","actor_username":"service_role","actor_via_sso":false,"log_type":"team","traits":{"user_email":"devran@devran.com","user_id":"8a5f752a-e5c4-4433-81b1-089a95fa32fb","user_phone":""}}', '2025-07-28 00:25:12.567744+00', ''),
	('00000000-0000-0000-0000-000000000000', 'a665f559-341a-4bec-a71b-8fca2997b2e4', '{"action":"user_deleted","actor_id":"00000000-0000-0000-0000-000000000000","actor_username":"service_role","actor_via_sso":false,"log_type":"team","traits":{"user_email":"evren2@evren.com","user_id":"04ca6b13-bcbe-48ff-936c-11c16e36660e","user_phone":""}}', '2025-07-28 00:25:12.620147+00', ''),
	('00000000-0000-0000-0000-000000000000', '5d396581-1de1-4700-ad4e-2cef9e5142da', '{"action":"user_deleted","actor_id":"00000000-0000-0000-0000-000000000000","actor_username":"service_role","actor_via_sso":false,"log_type":"team","traits":{"user_email":"evredemirel@evren.com","user_id":"955a3a2e-0ceb-4d08-bd06-151345e0a9fe","user_phone":""}}', '2025-07-28 00:25:12.624162+00', ''),
	('00000000-0000-0000-0000-000000000000', '66003d93-1777-42dc-a243-f47abbaf3818', '{"action":"token_refreshed","actor_id":"58b202a5-700c-45e3-8727-aa2951bd2456","actor_username":"emre@forbrainacademy.com","actor_via_sso":false,"log_type":"token"}', '2025-07-28 01:45:25.417941+00', ''),
	('00000000-0000-0000-0000-000000000000', 'd128bbd8-3908-44a1-8b5b-68f3430d0ec2', '{"action":"token_revoked","actor_id":"58b202a5-700c-45e3-8727-aa2951bd2456","actor_username":"emre@forbrainacademy.com","actor_via_sso":false,"log_type":"token"}', '2025-07-28 01:45:25.420587+00', ''),
	('00000000-0000-0000-0000-000000000000', 'd8821b81-8b10-46d4-9eb5-9d6efe694521', '{"action":"user_signedup","actor_id":"5abf0e32-5df3-45a2-80d8-c5ccc30bbbc2","actor_username":"ogr@ogr.com","actor_via_sso":false,"log_type":"team","traits":{"provider":"email"}}', '2025-07-28 02:28:31.997378+00', ''),
	('00000000-0000-0000-0000-000000000000', '45454121-e5de-48e4-bd20-04bdadb44078', '{"action":"login","actor_id":"5abf0e32-5df3-45a2-80d8-c5ccc30bbbc2","actor_username":"ogr@ogr.com","actor_via_sso":false,"log_type":"account","traits":{"provider":"email"}}', '2025-07-28 02:28:32.0051+00', '');


--
-- Data for Name: flow_state; Type: TABLE DATA; Schema: auth; Owner: supabase_auth_admin
--



--
-- Data for Name: users; Type: TABLE DATA; Schema: auth; Owner: supabase_auth_admin
--

INSERT INTO "auth"."users" ("instance_id", "id", "aud", "role", "email", "encrypted_password", "email_confirmed_at", "invited_at", "confirmation_token", "confirmation_sent_at", "recovery_token", "recovery_sent_at", "email_change_token_new", "email_change", "email_change_sent_at", "last_sign_in_at", "raw_app_meta_data", "raw_user_meta_data", "is_super_admin", "created_at", "updated_at", "phone", "phone_confirmed_at", "phone_change", "phone_change_token", "phone_change_sent_at", "email_change_token_current", "email_change_confirm_status", "banned_until", "reauthentication_token", "reauthentication_sent_at", "is_sso_user", "deleted_at", "is_anonymous") VALUES
	('00000000-0000-0000-0000-000000000000', '8ba6a504-c170-406a-baa3-1403c39cf85e', 'authenticated', 'authenticated', 'test@forbrainacademy.com', '$2a$10$41PFprwsO8/RyrPzXUAU/OSXvWl8SEhltqdpBmjLd9xvBuDJSk07i', '2025-07-26 02:20:31.731716+00', NULL, '', NULL, '', NULL, '', '', NULL, '2025-07-26 02:20:31.739203+00', '{"provider": "email", "providers": ["email"]}', '{"sub": "8ba6a504-c170-406a-baa3-1403c39cf85e", "email": "test@forbrainacademy.com", "email_verified": true, "phone_verified": false}', NULL, '2025-07-26 02:20:31.702416+00', '2025-07-27 18:00:03.264098+00', NULL, NULL, '', '', NULL, '', 0, NULL, '', NULL, false, NULL, false),
	('00000000-0000-0000-0000-000000000000', '5abf0e32-5df3-45a2-80d8-c5ccc30bbbc2', 'authenticated', 'authenticated', 'ogr@ogr.com', '$2a$10$3hgunhD8Hf6hJWdHabqwEeRNND1MzxbS/.MaCpHcgTxH/uIyUgtxq', '2025-07-28 02:28:32.000766+00', NULL, '', NULL, '', NULL, '', '', NULL, '2025-07-28 02:28:32.005583+00', '{"provider": "email", "providers": ["email"]}', '{"sub": "5abf0e32-5df3-45a2-80d8-c5ccc30bbbc2", "email": "ogr@ogr.com", "last_name": "renciolu", "first_name": "renci", "email_verified": true, "phone_verified": false}', NULL, '2025-07-28 02:28:31.972511+00', '2025-07-28 02:28:32.024188+00', NULL, NULL, '', '', NULL, '', 0, NULL, '', NULL, false, NULL, false),
	('00000000-0000-0000-0000-000000000000', '58b202a5-700c-45e3-8727-aa2951bd2456', 'authenticated', 'authenticated', 'emre@forbrainacademy.com', '$2a$10$BVLIDaQvohIOt9lXb6lsVeIvN5HF//Omm9bAgprrEX1gMtHcbUAJ.', '2025-07-19 05:11:05.644232+00', NULL, '', NULL, '', NULL, '', '', NULL, '2025-07-28 00:23:13.999345+00', '{"provider": "email", "providers": ["email"]}', '{"email_verified": true}', NULL, '2025-07-19 05:11:05.623564+00', '2025-07-28 01:45:25.424758+00', NULL, NULL, '', '', NULL, '', 0, NULL, '', NULL, false, NULL, false);


--
-- Data for Name: identities; Type: TABLE DATA; Schema: auth; Owner: supabase_auth_admin
--

INSERT INTO "auth"."identities" ("provider_id", "user_id", "identity_data", "provider", "last_sign_in_at", "created_at", "updated_at", "id") VALUES
	('58b202a5-700c-45e3-8727-aa2951bd2456', '58b202a5-700c-45e3-8727-aa2951bd2456', '{"sub": "58b202a5-700c-45e3-8727-aa2951bd2456", "email": "emre@forbrainacademy.com", "email_verified": false, "phone_verified": false}', 'email', '2025-07-19 05:11:05.637251+00', '2025-07-19 05:11:05.637312+00', '2025-07-19 05:11:05.637312+00', '6329c41e-a283-4608-9787-e600fd3e94c7'),
	('8ba6a504-c170-406a-baa3-1403c39cf85e', '8ba6a504-c170-406a-baa3-1403c39cf85e', '{"sub": "8ba6a504-c170-406a-baa3-1403c39cf85e", "email": "test@forbrainacademy.com", "email_verified": false, "phone_verified": false}', 'email', '2025-07-26 02:20:31.727731+00', '2025-07-26 02:20:31.727794+00', '2025-07-26 02:20:31.727794+00', '14c9f2e6-99e2-49ac-b2ec-2c24759c085a'),
	('5abf0e32-5df3-45a2-80d8-c5ccc30bbbc2', '5abf0e32-5df3-45a2-80d8-c5ccc30bbbc2', '{"sub": "5abf0e32-5df3-45a2-80d8-c5ccc30bbbc2", "email": "ogr@ogr.com", "last_name": "renciolu", "first_name": "renci", "email_verified": false, "phone_verified": false}', 'email', '2025-07-28 02:28:31.991493+00', '2025-07-28 02:28:31.991553+00', '2025-07-28 02:28:31.991553+00', '21a3ba9e-d8ba-4d9b-81f1-6b4fed679b2e');


--
-- Data for Name: instances; Type: TABLE DATA; Schema: auth; Owner: supabase_auth_admin
--



--
-- Data for Name: sessions; Type: TABLE DATA; Schema: auth; Owner: supabase_auth_admin
--

INSERT INTO "auth"."sessions" ("id", "user_id", "created_at", "updated_at", "factor_id", "aal", "not_after", "refreshed_at", "user_agent", "ip", "tag") VALUES
	('ac71ae7d-c66b-4eae-94ea-cb7670508092', '58b202a5-700c-45e3-8727-aa2951bd2456', '2025-07-28 00:10:37.338826+00', '2025-07-28 00:10:37.338826+00', NULL, 'aal1', NULL, NULL, 'Mozilla/5.0 (Macintosh; Intel Mac OS X 10_15_7) AppleWebKit/537.36 (KHTML, like Gecko) Chrome/138.0.0.0 Safari/537.36', '5.27.29.243', NULL),
	('0752637f-c76c-4ad4-8591-f7ec49068feb', '58b202a5-700c-45e3-8727-aa2951bd2456', '2025-07-28 00:12:42.633973+00', '2025-07-28 00:12:42.633973+00', NULL, 'aal1', NULL, NULL, 'Mozilla/5.0 (Macintosh; Intel Mac OS X 10_15_7) AppleWebKit/537.36 (KHTML, like Gecko) Chrome/138.0.0.0 Safari/537.36', '5.27.29.243', NULL),
	('fc9384a3-7035-4b2c-a15d-bf1301fa53e6', '58b202a5-700c-45e3-8727-aa2951bd2456', '2025-07-28 00:17:47.509613+00', '2025-07-28 00:17:47.509613+00', NULL, 'aal1', NULL, NULL, 'Mozilla/5.0 (Macintosh; Intel Mac OS X 10_15_7) AppleWebKit/537.36 (KHTML, like Gecko) Chrome/138.0.0.0 Safari/537.36', '5.27.29.243', NULL),
	('b9594598-6dbf-4a75-8a0c-1c6b2e5cc945', '58b202a5-700c-45e3-8727-aa2951bd2456', '2025-07-28 00:23:13.999422+00', '2025-07-28 00:23:13.999422+00', NULL, 'aal1', NULL, NULL, 'Mozilla/5.0 (Macintosh; Intel Mac OS X 10_15_7) AppleWebKit/537.36 (KHTML, like Gecko) Chrome/138.0.0.0 Safari/537.36', '5.27.29.243', NULL),
	('57630164-8aca-4532-8768-10da708af45e', '58b202a5-700c-45e3-8727-aa2951bd2456', '2025-07-27 18:24:37.36726+00', '2025-07-28 01:45:25.427227+00', NULL, 'aal1', NULL, '2025-07-28 01:45:25.427154', 'Mozilla/5.0 (Macintosh; Intel Mac OS X 10_15_7) AppleWebKit/537.36 (KHTML, like Gecko) Chrome/138.0.0.0 Safari/537.36', '5.27.29.243', NULL),
	('667452ad-56f2-4973-a7af-57df9e6f3b7f', '5abf0e32-5df3-45a2-80d8-c5ccc30bbbc2', '2025-07-28 02:28:32.005662+00', '2025-07-28 02:28:32.005662+00', NULL, 'aal1', NULL, NULL, 'Mozilla/5.0 (Macintosh; Intel Mac OS X 10_15_7) AppleWebKit/537.36 (KHTML, like Gecko) Chrome/138.0.0.0 Safari/537.36', '5.27.29.243', NULL),
	('e71c4752-71ba-43c2-a94a-74aa88b80a71', '8ba6a504-c170-406a-baa3-1403c39cf85e', '2025-07-26 02:20:31.739274+00', '2025-07-27 18:00:03.265334+00', NULL, 'aal1', NULL, '2025-07-27 18:00:03.265264', 'Mozilla/5.0 (Macintosh; Intel Mac OS X 10_15_7) AppleWebKit/537.36 (KHTML, like Gecko) Chrome/138.0.0.0 Safari/537.36', '5.27.29.243', NULL),
	('372a3e18-0e9a-4184-ab63-2194ac04b0ae', '58b202a5-700c-45e3-8727-aa2951bd2456', '2025-07-27 18:29:29.489074+00', '2025-07-27 18:29:29.489074+00', NULL, 'aal1', NULL, NULL, 'Mozilla/5.0 (Macintosh; Intel Mac OS X 10_15_7) AppleWebKit/537.36 (KHTML, like Gecko) Chrome/138.0.0.0 Safari/537.36', '5.27.29.243', NULL),
	('99787da0-32fe-49e9-926c-1e2a1a6238ed', '58b202a5-700c-45e3-8727-aa2951bd2456', '2025-07-27 18:57:59.451343+00', '2025-07-27 18:57:59.451343+00', NULL, 'aal1', NULL, NULL, 'Mozilla/5.0 (Macintosh; Intel Mac OS X 10_15_7) AppleWebKit/537.36 (KHTML, like Gecko) Chrome/138.0.0.0 Safari/537.36', '5.27.29.243', NULL),
	('e7c673fc-01a5-41a3-a694-9eba262835e2', '58b202a5-700c-45e3-8727-aa2951bd2456', '2025-07-28 00:07:39.668195+00', '2025-07-28 00:07:39.668195+00', NULL, 'aal1', NULL, NULL, 'Mozilla/5.0 (Macintosh; Intel Mac OS X 10_15_7) AppleWebKit/537.36 (KHTML, like Gecko) Chrome/138.0.0.0 Safari/537.36', '5.27.29.243', NULL);


--
-- Data for Name: mfa_amr_claims; Type: TABLE DATA; Schema: auth; Owner: supabase_auth_admin
--

INSERT INTO "auth"."mfa_amr_claims" ("session_id", "created_at", "updated_at", "authentication_method", "id") VALUES
	('fc9384a3-7035-4b2c-a15d-bf1301fa53e6', '2025-07-28 00:17:47.515389+00', '2025-07-28 00:17:47.515389+00', 'password', 'aa45b6bc-2f71-48cc-855b-81487661b065'),
	('b9594598-6dbf-4a75-8a0c-1c6b2e5cc945', '2025-07-28 00:23:14.004356+00', '2025-07-28 00:23:14.004356+00', 'password', '847203e7-bfa4-46e7-9923-fd1638ec1240'),
	('667452ad-56f2-4973-a7af-57df9e6f3b7f', '2025-07-28 02:28:32.024698+00', '2025-07-28 02:28:32.024698+00', 'password', '8c31271a-1c8c-4d6d-b383-696f2636d2c1'),
	('e71c4752-71ba-43c2-a94a-74aa88b80a71', '2025-07-26 02:20:31.754086+00', '2025-07-26 02:20:31.754086+00', 'password', '274b0a11-0fa8-4b2f-9c22-f22607cb94b4'),
	('57630164-8aca-4532-8768-10da708af45e', '2025-07-27 18:24:37.378728+00', '2025-07-27 18:24:37.378728+00', 'password', '3ae4b430-3a81-45c5-9850-b7f5cc33bcf7'),
	('372a3e18-0e9a-4184-ab63-2194ac04b0ae', '2025-07-27 18:29:29.494615+00', '2025-07-27 18:29:29.494615+00', 'password', '6bb5a8eb-6b69-4347-94e5-b287575d2615'),
	('99787da0-32fe-49e9-926c-1e2a1a6238ed', '2025-07-27 18:57:59.456518+00', '2025-07-27 18:57:59.456518+00', 'password', '519b6830-b6f4-4610-9bf7-c766b6ef5961'),
	('e7c673fc-01a5-41a3-a694-9eba262835e2', '2025-07-28 00:07:39.67203+00', '2025-07-28 00:07:39.67203+00', 'password', '6e700f3e-13fb-41d2-8e0a-285c513757a3'),
	('ac71ae7d-c66b-4eae-94ea-cb7670508092', '2025-07-28 00:10:37.344078+00', '2025-07-28 00:10:37.344078+00', 'password', 'a83585fc-c8d4-4163-b2d2-cd2940ec28a4'),
	('0752637f-c76c-4ad4-8591-f7ec49068feb', '2025-07-28 00:12:42.637171+00', '2025-07-28 00:12:42.637171+00', 'password', '1f5fb411-30e4-40fc-921d-5ac45a0cf644');


--
-- Data for Name: mfa_factors; Type: TABLE DATA; Schema: auth; Owner: supabase_auth_admin
--



--
-- Data for Name: mfa_challenges; Type: TABLE DATA; Schema: auth; Owner: supabase_auth_admin
--



--
-- Data for Name: one_time_tokens; Type: TABLE DATA; Schema: auth; Owner: supabase_auth_admin
--



--
-- Data for Name: refresh_tokens; Type: TABLE DATA; Schema: auth; Owner: supabase_auth_admin
--

INSERT INTO "auth"."refresh_tokens" ("instance_id", "id", "token", "user_id", "revoked", "created_at", "updated_at", "parent", "session_id") VALUES
	('00000000-0000-0000-0000-000000000000', 141, 'g7fx4brzqcb7', '8ba6a504-c170-406a-baa3-1403c39cf85e', false, '2025-07-27 18:00:03.263125+00', '2025-07-27 18:00:03.263125+00', 'hbufduisavmg', 'e71c4752-71ba-43c2-a94a-74aa88b80a71'),
	('00000000-0000-0000-0000-000000000000', 143, 'v6ybveqasnvw', '58b202a5-700c-45e3-8727-aa2951bd2456', false, '2025-07-27 18:29:29.492031+00', '2025-07-27 18:29:29.492031+00', NULL, '372a3e18-0e9a-4184-ab63-2194ac04b0ae'),
	('00000000-0000-0000-0000-000000000000', 145, 'ruzbmmyegqoo', '58b202a5-700c-45e3-8727-aa2951bd2456', false, '2025-07-27 18:57:59.453562+00', '2025-07-27 18:57:59.453562+00', NULL, '99787da0-32fe-49e9-926c-1e2a1a6238ed'),
	('00000000-0000-0000-0000-000000000000', 150, 'cvya4iygcov2', '58b202a5-700c-45e3-8727-aa2951bd2456', false, '2025-07-28 00:10:37.341212+00', '2025-07-28 00:10:37.341212+00', NULL, 'ac71ae7d-c66b-4eae-94ea-cb7670508092'),
	('00000000-0000-0000-0000-000000000000', 154, '35clm5gmnlvp', '58b202a5-700c-45e3-8727-aa2951bd2456', false, '2025-07-28 00:17:47.511161+00', '2025-07-28 00:17:47.511161+00', NULL, 'fc9384a3-7035-4b2c-a15d-bf1301fa53e6'),
	('00000000-0000-0000-0000-000000000000', 158, 'ccwfifhq4yc7', '58b202a5-700c-45e3-8727-aa2951bd2456', false, '2025-07-28 01:45:25.423117+00', '2025-07-28 01:45:25.423117+00', '4xpozbznx3a5', '57630164-8aca-4532-8768-10da708af45e'),
	('00000000-0000-0000-0000-000000000000', 96, 'hbufduisavmg', '8ba6a504-c170-406a-baa3-1403c39cf85e', true, '2025-07-26 02:20:31.746758+00', '2025-07-27 18:00:03.262451+00', NULL, 'e71c4752-71ba-43c2-a94a-74aa88b80a71'),
	('00000000-0000-0000-0000-000000000000', 148, '5yamjlwemldd', '58b202a5-700c-45e3-8727-aa2951bd2456', false, '2025-07-28 00:07:39.670211+00', '2025-07-28 00:07:39.670211+00', NULL, 'e7c673fc-01a5-41a3-a694-9eba262835e2'),
	('00000000-0000-0000-0000-000000000000', 152, '23c6epqx6frz', '58b202a5-700c-45e3-8727-aa2951bd2456', false, '2025-07-28 00:12:42.634808+00', '2025-07-28 00:12:42.634808+00', NULL, '0752637f-c76c-4ad4-8591-f7ec49068feb'),
	('00000000-0000-0000-0000-000000000000', 156, '6i6bssyl36fr', '58b202a5-700c-45e3-8727-aa2951bd2456', false, '2025-07-28 00:23:14.000874+00', '2025-07-28 00:23:14.000874+00', NULL, 'b9594598-6dbf-4a75-8a0c-1c6b2e5cc945'),
	('00000000-0000-0000-0000-000000000000', 142, '4xpozbznx3a5', '58b202a5-700c-45e3-8727-aa2951bd2456', true, '2025-07-27 18:24:37.372808+00', '2025-07-28 01:45:25.421141+00', NULL, '57630164-8aca-4532-8768-10da708af45e'),
	('00000000-0000-0000-0000-000000000000', 159, '2nndro7gehwe', '5abf0e32-5df3-45a2-80d8-c5ccc30bbbc2', false, '2025-07-28 02:28:32.013736+00', '2025-07-28 02:28:32.013736+00', NULL, '667452ad-56f2-4973-a7af-57df9e6f3b7f');


--
-- Data for Name: sso_providers; Type: TABLE DATA; Schema: auth; Owner: supabase_auth_admin
--



--
-- Data for Name: saml_providers; Type: TABLE DATA; Schema: auth; Owner: supabase_auth_admin
--



--
-- Data for Name: saml_relay_states; Type: TABLE DATA; Schema: auth; Owner: supabase_auth_admin
--



--
-- Data for Name: sso_domains; Type: TABLE DATA; Schema: auth; Owner: supabase_auth_admin
--



--
-- Data for Name: users; Type: TABLE DATA; Schema: public; Owner: postgres
--

INSERT INTO "public"."users" ("id", "auth_user_id", "email", "first_name", "last_name", "phone", "avatar_url", "is_active", "created_at", "updated_at", "kullanici_kodu", "ad_soyad", "roles", "supervisor_id", "demographic_info") VALUES
	('a02fb2b2-cca4-4f7c-924d-a149f2e60a77', '58b202a5-700c-45e3-8727-aa2951bd2456', 'emre@forbrainacademy.com', 'emre', '', NULL, NULL, true, '2025-07-19 05:11:05.622552+00', '2025-07-28 02:20:48.125427+00', 'emre@forbrainacademy.com', 'emre', '["admin"]', NULL, '{}');


--
-- Data for Name: attention_test_results; Type: TABLE DATA; Schema: public; Owner: postgres
--



--
-- Data for Name: buckets; Type: TABLE DATA; Schema: storage; Owner: supabase_storage_admin
--



--
-- Data for Name: objects; Type: TABLE DATA; Schema: storage; Owner: supabase_storage_admin
--



--
-- Data for Name: s3_multipart_uploads; Type: TABLE DATA; Schema: storage; Owner: supabase_storage_admin
--



--
-- Data for Name: s3_multipart_uploads_parts; Type: TABLE DATA; Schema: storage; Owner: supabase_storage_admin
--



--
-- Name: refresh_tokens_id_seq; Type: SEQUENCE SET; Schema: auth; Owner: supabase_auth_admin
--

SELECT pg_catalog.setval('"auth"."refresh_tokens_id_seq"', 159, true);


--
-- PostgreSQL database dump complete
--

RESET ALL;
